USE FU_SWP391_HappyProgramming;


-- Insert into `User`
INSERT INTO `User` (username, password, displayName, dob, mail, createdDate, avatarPath, CVPath, activeStatus) VALUES ('namnh', '123', 'Nguyễn Hoàng Nam', '2003-8-6', 'namnhhe140081@fpt.edu.vn', '2023-5-12', '', '', 1);
INSERT INTO `User` (username, password, displayName, dob, mail, createdDate, avatarPath, CVPath, activeStatus) VALUES ('namlx', '123', 'Lê Xuân Nam', '2003-1-29', 'namlxhe153241@fpt.edu.vn', '2023-5-12', '', '', 1);
INSERT INTO `User` (username, password, displayName, dob, mail, createdDate, avatarPath, CVPath, activeStatus) VALUES ('lamtn', '123', 'Tống Ngọc Lâm', '2003-7-25', 'lamtnhe153679@fpt.edu.vn', '2023-5-12', '', '', 1);
INSERT INTO `User` (username, password, displayName, dob, mail, createdDate, avatarPath, CVPath, activeStatus) VALUES ('chauntm', '123', 'Nguyễn Thị Minh Châu', '2003-6-18', 'chaunthe161283@fpt.edu.vn', '2023-5-12', '', '', 1);
INSERT INTO `User` (username, password, displayName, dob, mail, createdDate, avatarPath, CVPath, activeStatus) VALUES ('thanhdq', '123', 'Đặng Quang Thanh', '2002-1-1', 'thanhdqhe163134@fpt.edu.vn', '2023-5-12', '', '', 1);
INSERT INTO `User` (username, password, displayName, dob, mail, createdDate, avatarPath, CVPath, activeStatus) VALUES ('namnt', '123', 'Nguyễn Tiến Nam', '2001-1-1', 'namnthe163375@fpt.edu.vn', '2023-5-12', '', '', 1);
INSERT INTO `User` (username, password, displayName, dob, mail, createdDate, avatarPath, CVPath, activeStatus) VALUES ('namlm', '123', 'Lê Minh Nam', '2003-1-1', 'namlmhe163473@fpt.edu.vn', '2023-5-12', '', '', 1);
INSERT INTO `User` (username, password, displayName, dob, mail, createdDate, avatarPath, CVPath, activeStatus) VALUES ('dungnt', '123', 'Nguyễn Tuấn Dũng', '2003-1-1', 'dungnthe163886@fpt.edu.vn', '2023-5-12', '', '', 1);
INSERT INTO `User` (username, password, displayName, dob, mail, createdDate, avatarPath, CVPath, activeStatus) VALUES ('hoangnd', '123', 'Nguyễn Đăng Hoàng', '2003-1-1', 'hoangndhe164015@fpt.edu.vn', '2023-5-12', '', '', 1);
INSERT INTO `User` (username, password, displayName, dob, mail, createdDate, avatarPath, CVPath, activeStatus) VALUES ('tamvm', '123', 'Vũ Minh Tâm', '2003-1-1', 'tamvmhe170051@fpt.edu.vn', '2023-5-12', '', '', 1);
INSERT INTO `User` (username, password, displayName, dob, mail, createdDate, avatarPath, CVPath, activeStatus) VALUES ('datdc', '123', 'Đặng Công Đạt', '2003-1-1', 'datdche170625@fpt.edu.vn', '2023-5-12', '', '', 1);
INSERT INTO `User` (username, password, displayName, dob, mail, createdDate, avatarPath, CVPath, activeStatus) VALUES ('thinhnp', '123', 'Nguyễn Phùng Thịnh', '2003-1-1', 'thinhnphe170833@fpt.edu.vn', '2023-5-12', '', '', 1);
INSERT INTO `User` (username, password, displayName, dob, mail, createdDate, avatarPath, CVPath, activeStatus) VALUES ('haunt', '123', 'Nguyễn Thanh Hậu', '2003-1-1', 'haunthe170842@fpt.edu.vn', '2023-5-12', '', '', 1);
INSERT INTO `User` (username, password, displayName, dob, mail, createdDate, avatarPath, CVPath, activeStatus) VALUES ('huyenntk', '123', 'Nguyễn Thị Khánh Huyền', '2003-1-1', 'huyennthe170863@fpt.edu.vn', '2023-5-12', '', '', 1);
INSERT INTO `User` (username, password, displayName, dob, mail, createdDate, avatarPath, CVPath, activeStatus) VALUES ('giangpt', '123', 'Phạm Trường Giang', '2003-1-1', 'giangpthe170907@fpt.edu.vn', '2023-5-12', '', '', 1);
INSERT INTO `User` (username, password, displayName, dob, mail, createdDate, avatarPath, CVPath, activeStatus) VALUES ('duckm', '123', 'Khiếu Minh Đức', '2003-1-1', 'duckmhe170996@fpt.edu.vn', '2023-5-12', '', '', 1);
INSERT INTO `User` (username, password, displayName, dob, mail, createdDate, avatarPath, CVPath, activeStatus) VALUES ('nhatvn', '123', 'Vũ Ngọc Nhất', '2003-1-1', 'nhatvnhe171071@fpt.edu.vn', '2023-5-12', '', '', 1);
INSERT INTO `User` (username, password, displayName, dob, mail, createdDate, avatarPath, CVPath, activeStatus) VALUES ('phuonghm', '123', 'Hoàng Mai Phương', '2003-1-1', 'phuonghmhe171073@fpt.edu.vn', '2023-5-12', '', '', 1);
INSERT INTO `User` (username, password, displayName, dob, mail, createdDate, avatarPath, CVPath, activeStatus) VALUES ('dungbt', '123', 'Bùi Tiến Dũng', '2003-1-1', 'dungbthe171162@fpt.edu.vn', '2023-5-12', '', '', 1);
INSERT INTO `User` (username, password, displayName, dob, mail, createdDate, avatarPath, CVPath, activeStatus) VALUES ('phucdl', '123', 'Doãn Lâm Phúc', '2003-1-1', 'phucdlhe171687@fpt.edu.vn', '2023-5-12', '', '', 1);
INSERT INTO `User` (username, password, displayName, dob, mail, createdDate, avatarPath, CVPath, activeStatus) VALUES ('hieudt', '123', 'Đồng Trung Hiếu', '2003-1-1', 'hieudthe171777@fpt.edu.vn', '2023-5-12', '', '', 1);
INSERT INTO `User` (username, password, displayName, dob, mail, createdDate, avatarPath, CVPath, activeStatus) VALUES ('minhnd', '123', 'Nguyễn Đức Minh', '2003-1-1', 'minhndhe171851@fpt.edu.vn', '2023-5-12', '', '', 1);
INSERT INTO `User` (username, password, displayName, dob, mail, createdDate, avatarPath, CVPath, activeStatus) VALUES ('antt', '123', 'Triệu Thạch Ân', '2003-1-1', 'antthe176160@fpt.edu.vn', '2023-5-12', '', '', 1);
INSERT INTO `User` (username, password, displayName, dob, mail, createdDate, avatarPath, CVPath, activeStatus) VALUES ('duongcd', '123', 'Chu Đức Dương', '2003-1-1', 'duongcdhe176312@fpt.edu.vn', '2023-5-12', '', '', 1);
INSERT INTO `User` (username, password, displayName, dob, mail, createdDate, avatarPath, CVPath, activeStatus) VALUES ('hoangdn', '123', 'Đinh Nhật Hoàng', '2003-1-1', 'hoangdnhe176586@fpt.edu.vn', '2023-5-12', '', '', 1);
INSERT INTO `User` (username, password, displayName, dob, mail, createdDate, avatarPath, CVPath, activeStatus) VALUES ('datnq', '123', 'Nguyễn Quốc Đạt', '2003-1-1', 'datnqhe176751@fpt.edu.vn', '2023-5-12', '', '', 1);

INSERT INTO `User` (username, password, displayName, dob, mail, createdDate, avatarPath, CVPath, activeStatus) VALUES ('huyenmentor', '123', 'Nguyễn Thị Khánh Huyền', '2003-8-6', 'hn8319542@gmail.com', '2023-5-12', '', '', 1);
INSERT INTO `User` (username, password, displayName, dob, mail, createdDate, avatarPath, CVPath, activeStatus) VALUES ('phuongmentor', '123', 'Hoàng Mai Phương', '2003-1-29', 'maiphuonghoangmpk@gmail.com', '2023-5-12', '', '', 1);
INSERT INTO `User` (username, password, displayName, dob, mail, createdDate, avatarPath, CVPath, activeStatus) VALUES ('ducmentor', '123', 'Khiếu Minh Đức', '2003-7-25', 'khieuminhduc2012@gmail.com', '2023-5-12', '', '', 1);
INSERT INTO `User` (username, password, displayName, dob, mail, createdDate, avatarPath, CVPath, activeStatus) VALUES ('giangmentor', '123', 'Phạm Trường Giang', '2003-6-18', 'nocolor06@gmail.com', '2023-5-12', '', '', 1);
INSERT INTO `User` (username, password, displayName, dob, mail, createdDate, avatarPath, CVPath, activeStatus) VALUES ('anmentor', '123', 'Triệu Thạch Ân', '2003-5-2', 'anlalahello@gmail.com', '2023-5-12', '', '', 1);
INSERT INTO `User` (username, password, displayName, dob, mail, createdDate, avatarPath, CVPath, activeStatus) VALUES ('eikh', '123', 'Em Yêu Khoa Học', '2021-7-21', 'emiukhoahoc@gmail.com', '2023-5-12', '', '', 1);




select * from Role;
-- Insert into Role
INSERT INTO Role (roleId, roleName) VALUES ('1', 'admin');
INSERT INTO Role (roleId, roleName) VALUES ('2', 'mentor');
INSERT INTO Role (roleId, roleName) VALUES ('3', 'mentee');

select * from User_Role;
-- Insert into User_Role
INSERT INTO User_Role (username, roleId) VALUES ('namnh', '3');
INSERT INTO User_Role (username, roleId) VALUES ('namlx', '3');
INSERT INTO User_Role (username, roleId) VALUES ('lamtn', '3');
INSERT INTO User_Role (username, roleId) VALUES ('chauntm', '3');
INSERT INTO User_Role (username, roleId) VALUES ('thanhdq', '3');
INSERT INTO User_Role (username, roleId) VALUES ('namnt', '3');
INSERT INTO User_Role (username, roleId) VALUES ('namlm', '3');
INSERT INTO User_Role (username, roleId) VALUES ('dungnt', '3');
INSERT INTO User_Role (username, roleId) VALUES ('hoangnd', '3');
INSERT INTO User_Role (username, roleId) VALUES ('tamvm', '3');
INSERT INTO User_Role (username, roleId) VALUES ('datdc', '3');
INSERT INTO User_Role (username, roleId) VALUES ('thinhnp', '3');
INSERT INTO User_Role (username, roleId) VALUES ('haunt', '3');
INSERT INTO User_Role (username, roleId) VALUES ('huyenntk', '3');
INSERT INTO User_Role (username, roleId) VALUES ('giangpt', '3');
INSERT INTO User_Role (username, roleId) VALUES ('duckm', '3');
INSERT INTO User_Role (username, roleId) VALUES ('nhatvn', '3');
INSERT INTO User_Role (username, roleId) VALUES ('phuonghm', '3');
INSERT INTO User_Role (username, roleId) VALUES ('dungbt', '3');
INSERT INTO User_Role (username, roleId) VALUES ('phucdl', '3');
INSERT INTO User_Role (username, roleId) VALUES ('hieudt', '3');
INSERT INTO User_Role (username, roleId) VALUES ('minhnd', '3');
INSERT INTO User_Role (username, roleId) VALUES ('antt', '3');
INSERT INTO User_Role (username, roleId) VALUES ('duongcd', '3');
INSERT INTO User_Role (username, roleId) VALUES ('hoangdn', '3');
INSERT INTO User_Role (username, roleId) VALUES ('datnq', '3');
INSERT INTO User_Role (username, roleId) VALUES ('huyenmentor', '2');
INSERT INTO User_Role (username, roleId) VALUES ('phuongmentor', '2');
INSERT INTO User_Role (username, roleId) VALUES ('ducmentor', '2');
INSERT INTO User_Role (username, roleId) VALUES ('giangmentor', '2');
INSERT INTO User_Role (username, roleId) VALUES ('anmentor', '2');
INSERT INTO User_Role (username, roleId) VALUES ('huyenmentor', '3');
INSERT INTO User_Role (username, roleId) VALUES ('phuongmentor', '3');
INSERT INTO User_Role (username, roleId) VALUES ('ducmentor', '3');
INSERT INTO User_Role (username, roleId) VALUES ('giangmentor', '3');
INSERT INTO User_Role (username, roleId) VALUES ('anmentor', '3');
INSERT INTO User_Role (username, roleId) VALUES ('eikh', '1');




-- Insert into Feature
INSERT INTO Feature (featureId, featureName, url,`component`) VALUES ('1', 'Home Page', '/home','Home');
INSERT INTO Feature (featureId, featureName, url,`component`) VALUES ('2', 'User Profile', '/user/:userId','userProfile');


-- Insert into Role_Feature
INSERT INTO Role_Feature (roleId, featureId) VALUES ('1', '1');
INSERT INTO Role_Feature (roleId, featureId) VALUES ('2', '1');
INSERT INTO Role_Feature (roleId, featureId) VALUES ('3', '1');
INSERT INTO Role_Feature (roleId, featureId) VALUES ('2', '2');

-- Insert into Category
INSERT INTO Category (categoryId, categoryName) VALUES (1, 'Computer Science');
INSERT INTO Category (categoryId, categoryName) VALUES (2, 'Business');
INSERT INTO Category (categoryId, categoryName) VALUES (3, 'Language Learning');
INSERT INTO Category (categoryId, categoryName) VALUES (4, 'Data Science');
INSERT INTO Category (categoryId, categoryName) VALUES (5, 'Information Technology');
INSERT INTO Category (categoryId, categoryName) VALUES (6, 'Heath');
INSERT INTO Category (categoryId, categoryName) VALUES (7, 'Math and Logic');
INSERT INTO Category (categoryId, categoryName) VALUES (8, 'Personal Development');
INSERT INTO Category (categoryId, categoryName) VALUES (9, 'Physical Science and Engineering');
INSERT INTO Category (categoryId, categoryName) VALUES (10, 'Social Sciences');
INSERT INTO Category (categoryId, categoryName) VALUES (11, 'Arts and Humanities');

-- Insert into Course
INSERT INTO Course(courseName,createdAt,courseDescription) VALUES ('Object Oriented Programming in Java','2023-05-17 00:00:00','This Specialization is for aspiring software developers with some programming experience in at least one other programming language (e.g., Python, C, JavaScript, etc.) who want to be able to solve more complex problems through objected-oriented design with Java. In addition to learning Java, you will gain experience with two Java development environments (BlueJ and Eclipse), learn how to program with graphical user interfaces, and learn how to design programs capable of managing large amounts of data. These software engineering skills are broadly applicable across wide array of industries.'),
	('Java Programming: Arrays, Lists, and Structured Data','2023-05-18 00:00:00','Build on the software engineering skills you learned in “Java Programming: Solving Problems with Software” by learning new data structures. Use these data structures to build more complex programs that use Java’s object-oriented features. At the end of the course you will write an encryption program and a program to break your encryption algorithm.'),
	('JavaScript for Beginners','2023-05-19 00:00:00','This Specialization is intended for the learner with no previous programming experience or the career changer transitioning to software development. JavaScript is generally the first programming language you will need to learn and this Specialization will help you practice and build your skills through a gentle progression of modules and courses.'),
	('Modern JavaScript: ES6 Basics','2023-05-20 00:00:00','In this project, you''ll learn the most fundamental ES6 features and practice them with live hands-on examples. You''ll start writing modern JavaScript and really understand why we need ES6. Mastering modern JavaScript starts with understanding the reasoning behind the main ES6 features - arrow functions, variables, template literals. Doing so will help you grasp the concepts behind Node, React and Angular.'),
	('Introduction to Data Science in Python','2023-05-21 00:00:00','This course will introduce the learner to the basics of the python programming environment, including fundamental python programming techniques such as lambdas, reading and manipulating csv files, and the numpy library. The course will introduce data manipulation and cleaning techniques using the popular python pandas data science library and introduce the abstraction of the Series and DataFrame as the central data structures for data analysis, along with tutorials on how to use functions such as groupby, merge, and pivot tables effectively. By the end of this course, students will be able to take tabular data, clean it, manipulate it, and run basic inferential statistical analyses. This course should be taken before any of the other Applied Data Science with Python courses: Applied Plotting, Charting & Data Representation in Python, Applied Machine Learning in Python, Applied Text Mining in Python, Applied Social Network Analysis in Python.'),
	('Python Data Structures','2023-05-22 00:00:00','This course will introduce the core data structures of the Python programming language. We will move past the basics of procedural programming and explore how we can use the Python built-in data structures such as lists, dictionaries, and tuples to perform increasingly complex data analysis. This course will cover Chapters 6-10 of the textbook “Python for Everybody”. This course covers Python 3.'),
	('HTML, CSS','2023-05-23 00:00:00','This is the first course in the Web Design For Everybody specialization. Subsequent courses focus on the marketable skills of styling the page with HTML5 andCSS3, adding interactivity with JavaScript and enhancing the styling with responsive design.'),
	('HTML and CSS: Building a Single-Page Website','2023-05-24 00:00:00','In this 1-hour long project-based course, you will learn how to create a single page website for an imaginary travel agent using HTML and CSS. HTML and CSS are the core for building any website or web application and are indispensable knowledge for any web developer. HTML enables the creation of the web pages layout and structures while CSS enriches the HTML pages by adding the style and feel to them. Eventually, you will be able to use the knowledge acquired on far complex projects that employ these technologies in one way or another.'),
	('Coding for Everyone: C and C++','2023-05-25 00:00:00','This Specialization is intended for all programming enthusiasts, as well as beginners, computer and other scientists, and artificial intelligence enthusiasts seeking to develop their programming skills in the foundational languages of C and C++. Through the four courses — two in C, and two in C++ — you will cover the basics of programming in C and move on to the more advanced C++ semantics and syntax, which will prepare you to apply these skills to a number of higher-level problems using AI algorithms and Monte Carlo evaluation in complex games.'),
	('Object-Oriented Data Structures in C++','2023-05-26 00:00:00','This course teaches learners how to write a program in the C++ language, including how to set up a development environment for writing and debugging C++ code and how to implement data structures as C++ classes. It is the first course in the Accelerated CS Fundamentals specialization, and subsequent courses in this specialization will be using C++ as the language for implementing the data structures covered in class.'),
	('The Strategy of Content Marketing','2023-05-27 00:00:00','This course is a partnership between the leading content marketing authority, Copyblogger, and UC Davis Continuing and Professional Education. In this course, you will learn the core strategies content marketers use to acquire and retain customers profitably. Specifically, you will learn how to develop, organize and implement a content marketing strategy, analyze and measure the effectiveness of content marketing, write compelling copy, use a strategic framework when writing, and build your professional brand and authority through content marketing. You will also learn how to put the ideas presented to you into action and build your own personal brand through content marketing.'),
	('Google Digital Marketing & E-commerce','2023-05-28 00:00:00','Prepare for a new career in the high-growth fields of digital marketing and e-commerce, in under six months, no experience or degree required. Businesses need digital marketing and e-commerce talent more than ever before; 86% of business leaders report that digital commerce will be the most important route to growth. Throughout this program, you will gain in-demand skills that prepare you for an entry-level job and learn how to use tools and platforms like Canva, Constant Contact, Google Ads, Google Analytics, Hootsuite, HubSpot, Mailchimp, Shopify, and Twitter. You will learn from subject-matter experts at Google and have a chance to build your own portfolio with projects like customer personas and social media calendars to show to potential employers.'),
	('Financial Markets','2023-05-29 00:00:00','An overview of the ideas, methods, and institutions that permit human society to manage risks and foster enterprise. Emphasis on financially-savvy leadership skills. Description of practices today and analysis of prospects for the future. Introduction to risk management and behavioral finance principles to understand the real-world functioning of securities, insurance, and banking industries. The ultimate goal of this course is using such industries effectively and towards a better society.'),
	('Trading Basics','2023-05-30 00:00:00','The purpose of this course is to equip you with the knowledge required to comprehend the financial statements of a company and understand the various transactions that take place in the stock market so that you can replicate the strategies discovered by the extant academic literature. The first part of the course provides a brief introduction to financial statements and various common filings of firms. You will learn how to obtain information regarding a company''s performance from them and use the information to build trading strategies.  Next, you are taught basic asset pricing theories so that you will be able to calculate the expected returns of a stock or a portfolio. Finally, you will be introduced to the actual functioning of asset markets, type of players in the market, different types of orders and the efficient ways and opportune time to execute them, trading costs and ways of minimizing them, the concept of liquidity .etc. This knowledge is required to develop efficient algorithm to execute various trading strategies.'),
	('Japanese','2023-05-31 00:00:00','We introduce a number of options to match a variety of goals, from full degree to non-degree programs, programs taught in English, as well as short-term programs in Japan. During the course, international students at UTokyo will provide you with useful information and advice to start you on the path to studying in Japan.'),
	('Teaching Tips for Tricky English Grammar','2023-06-01 00:00:00','This is the third course in the Teach English: Intermediate Grammar specialization. It will be useful to ESL teachers or those interested in learning to teach English language, but it is not an introduction to teaching course. You will learn about some specific problems students have learning intermediate grammar. You will learn why students have trouble with this tricky grammar and find out new ways to help students conquer it. You will also learn a variety of activities for teaching this content in a fun and interesting way. Finally, you will have opportunities to practice the skills you learn by creating sample assignments and recording short videos of your teaching demonstrations using a video camera, webcam, or smartphone. Learners wanting a grade will be required to submit short videos of their teaching skills.'),
	('Conversational English Skills','2023-06-02 00:00:00','Do you want to communicate with English speakers fluently? Welcome to our course. The course consists of 6 units with different topics: meeting new people, the people in your life, eating in and eating out, the reason to learn English, good times and bad times, and hobbies. From this course, you will have a good knowledge of conversational English skills in your daily life. We invite you to learn with our teachers and friends from different countries in the videos, such as the United States, the United Kingdom, Ireland, Canada, Australia, and Columbia. Are you ready? Let’s go!'),
	('A Bridge to the World: Korean Language for Intermediate1','2023-06-03 00:00:00','This course is designed for anyone who wants to learn Korean. This course is useful for learners who want to improve their communication skills on personal topics frequently encountered in their daily life after learning basic Korean. Through this class, you can use expressions such as introducing, talking about experiences, and comforting, and you will be able to increase your understanding of basic Korean culture. This course is organized in the order of core expression, conversation, grammar, and self-assessment. The entire course is six weeks long, and consists of two sub-themes within one major topic, so there are a total of 12 lessons. Improve your Korean language skills with this course!'),
	('Chinese for HSK 1','2023-06-04 00:00:00','Nǐ hǎo! Welcome to Chinese for HSK Level 1 - a Chinese course for beginners. My name is YU Bin. I am very happy to meet you here! HSK stands for Hànyǔ (Chinese) Shuǐpíng (level) Kǎoshì (test), which is the most important Chinese proficiency test in use today. It assesses non-native Chinese speakers’ abilities in using Chinese in their daily, academic and professional lives. Chinese for HSK Level 1 is the first part of the 6 levels and assesses test takers’ abilities in the application of everyday Chinese. It is the counterpart of Level 1 of the Chinese Language Proficiency Scales for Speakers of Other Languages and the A1 Level of the Common European Framework of Reference for Languages.'),
	('Learn Mandarin Chinese','2023-06-05 00:00:00','Come and learn the language which is spoken by more than 1 billion people and is getting more and more learners. This may enable you to know and do business with people from one of the world''s biggest economies. This specialization may also help you to pass HSK (the only official proficiency test of Chinese language) level 1 or 2.');

-- Insert into Course_Category 
INSERT INTO Course_Category (categoryId, courseId) VALUES (1, 1);
INSERT INTO Course_Category (categoryId, courseId) VALUES (1, 2);
INSERT INTO Course_Category (categoryId, courseId) VALUES (1, 3);
INSERT INTO Course_Category (categoryId, courseId) VALUES (1, 4);
INSERT INTO Course_Category (categoryId, courseId) VALUES (1, 5);
INSERT INTO Course_Category (categoryId, courseId) VALUES (1, 6);
INSERT INTO Course_Category (categoryId, courseId) VALUES (1, 7);
INSERT INTO Course_Category (categoryId, courseId) VALUES (1, 8);
INSERT INTO Course_Category (categoryId, courseId) VALUES (1, 9);
INSERT INTO Course_Category (categoryId, courseId) VALUES (1, 10);
INSERT INTO Course_Category (categoryId, courseId) VALUES (2, 11);
INSERT INTO Course_Category (categoryId, courseId) VALUES (2, 12);
INSERT INTO Course_Category (categoryId, courseId) VALUES (2, 13);
INSERT INTO Course_Category (categoryId, courseId) VALUES (2, 14);
INSERT INTO Course_Category (categoryId, courseId) VALUES (3, 15);
INSERT INTO Course_Category (categoryId, courseId) VALUES (3, 16);
INSERT INTO Course_Category (categoryId, courseId) VALUES (3, 17);
INSERT INTO Course_Category (categoryId, courseId) VALUES (3, 18);
INSERT INTO Course_Category (categoryId, courseId) VALUES (3, 19);
INSERT INTO Course_Category (categoryId, courseId) VALUES (3, 20);
INSERT INTO Course_Category (categoryId, courseId) VALUES (4, 5);

-- Insert into Status
INSERT INTO `Status` (statusId, statusName) VALUES ("-1", "reject");
INSERT INTO `Status` (statusId, statusName) VALUES ("0", "pending");
INSERT INTO `Status` (statusId, statusName) VALUES ("1", "access");

-- Insert into ParticipateRole
INSERT INTO ParticipateRole (participateRole, participateRoleName) VALUES (1, "Create");
INSERT INTO ParticipateRole (participateRole, participateRoleName) VALUES (2, "Mentor");
INSERT INTO ParticipateRole (participateRole, participateRoleName) VALUES (3, "Mentee");

-- Insert into Participate
-- Mentor dạy 
INSERT INTO Participate (username, courseId, participateRole, statusId) VALUES ('huyenmentor', '1', '2', '1');
INSERT INTO Participate (username, courseId, participateRole, statusId) VALUES ('phuongmentor', '2', '2', '1');
INSERT INTO Participate (username, courseId, participateRole, statusId) VALUES ('ducmentor', '3', '2', '1');
INSERT INTO Participate (username, courseId, participateRole, statusId) VALUES ('giangmentor', '4', '2', '1');
INSERT INTO Participate (username, courseId, participateRole, statusId) VALUES ('anmentor', '5', '2', '1');
INSERT INTO Participate (username, courseId, participateRole, statusId) VALUES ('huyenmentor', '6', '2', '1');
INSERT INTO Participate (username, courseId, participateRole, statusId) VALUES ('phuongmentor', '7', '2', '1');
INSERT INTO Participate (username, courseId, participateRole, statusId) VALUES ('ducmentor', '8', '2', '1');
INSERT INTO Participate (username, courseId, participateRole, statusId) VALUES ('giangmentor', '9', '2', '1');
INSERT INTO Participate (username, courseId, participateRole, statusId) VALUES ('anmentor', '10', '2', '1');
INSERT INTO Participate (username, courseId, participateRole, statusId) VALUES ('huyenmentor', '11', '2', '1');
INSERT INTO Participate (username, courseId, participateRole, statusId) VALUES ('phuongmentor', '12', '2', '1');
INSERT INTO Participate (username, courseId, participateRole, statusId) VALUES ('ducmentor', '13', '2', '1');
INSERT INTO Participate (username, courseId, participateRole, statusId) VALUES ('giangmentor', '14', '2', '1');
INSERT INTO Participate (username, courseId, participateRole, statusId) VALUES ('anmentor', '15', '2', '1');
INSERT INTO Participate (username, courseId, participateRole, statusId) VALUES ('huyenmentor', '16', '2', '1');
INSERT INTO Participate (username, courseId, participateRole, statusId) VALUES ('phuongmentor', '17', '2', '1');
INSERT INTO Participate (username, courseId, participateRole, statusId) VALUES ('ducmentor', '18', '2', '1');
INSERT INTO Participate (username, courseId, participateRole, statusId) VALUES ('giangmentor', '19', '2', '1');
INSERT INTO Participate (username, courseId, participateRole, statusId) VALUES ('anmentor', '20', '2', '1');
-- Mentor học 
INSERT INTO Participate (username, courseId, participateRole, statusId) VALUES ('huyenmentor', '2', '3', '1');
INSERT INTO Participate (username, courseId, participateRole, statusId) VALUES ('phuongmentor', '1', '3', '1');
INSERT INTO Participate (username, courseId, participateRole, statusId) VALUES ('ducmentor', '2', '3', '1');
INSERT INTO Participate (username, courseId, participateRole, statusId) VALUES ('giangmentor', '2', '3', '1');
INSERT INTO Participate (username, courseId, participateRole, statusId) VALUES ('anmentor', '2', '3', '0');
INSERT INTO Participate (username, courseId, participateRole, statusId) VALUES ('huyenmentor', '3', '3', '1');

-- Admin chỉ join 
INSERT INTO Participate (username, courseId, participateRole, statusId) VALUES ('eikh', '1', '1', '1');
INSERT INTO Participate (username, courseId, participateRole, statusId) VALUES ('eikh', '2', '1', '1');
INSERT INTO Participate (username, courseId, participateRole, statusId) VALUES ('eikh', '3', '1', '1');
INSERT INTO Participate (username, courseId, participateRole, statusId) VALUES ('eikh', '4', '1', '1');
INSERT INTO Participate (username, courseId, participateRole, statusId) VALUES ('eikh', '5', '1', '1');

-- Mentee học
INSERT INTO Participate (username, courseId, participateRole, statusId) VALUES ('giangpt', '1', '3', '1');
INSERT INTO Participate (username, courseId, participateRole, statusId) VALUES ('duckm', '1', '3', '1');
INSERT INTO Participate (username, courseId, participateRole, statusId) VALUES ('huyenntk', '1', '3', '1');
INSERT INTO Participate (username, courseId, participateRole, statusId) VALUES ('phuonghm', '1', '3', '1');
INSERT INTO Participate (username, courseId, participateRole, statusId) VALUES ('dungbt', '1', '3', '0');
INSERT INTO Participate (username, courseId, participateRole, statusId) VALUES ('phucdl', '1', '3', '0');
INSERT INTO Participate (username, courseId, participateRole, statusId) VALUES ('hieudt', '1', '3', '-1');
INSERT INTO Participate (username, courseId, participateRole, statusId) VALUES ('minhnd', '1', '3', '-1');
INSERT INTO Participate (username, courseId, participateRole, statusId) VALUES ('antt', '1', '3', '1');


INSERT INTO Participate (username, courseId, participateRole, statusId) VALUES ('giangpt', '2', '3', '1');
INSERT INTO Participate (username, courseId, participateRole, statusId) VALUES ('duckm', '2', '3', '1');
INSERT INTO Participate (username, courseId, participateRole, statusId) VALUES ('huyenntk', '2', '3', '1');
INSERT INTO Participate (username, courseId, participateRole, statusId) VALUES ('phuonghm', '2', '3', '1');
INSERT INTO Participate (username, courseId, participateRole, statusId) VALUES ('dungbt', '2', '3', '0');
INSERT INTO Participate (username, courseId, participateRole, statusId) VALUES ('phucdl', '2', '3', '0');
INSERT INTO Participate (username, courseId, participateRole, statusId) VALUES ('hieudt', '2', '3', '0');
INSERT INTO Participate (username, courseId, participateRole, statusId) VALUES ('minhnd', '2', '3', '0');
INSERT INTO Participate (username, courseId, participateRole, statusId) VALUES ('antt', '2', '3', '1');


INSERT INTO Participate (username, courseId, participateRole, statusId) VALUES ('giangpt', '3', '3', '1');
INSERT INTO Participate (username, courseId, participateRole, statusId) VALUES ('duckm', '3', '3', '1');
INSERT INTO Participate (username, courseId, participateRole, statusId) VALUES ('huyenntk', '3', '3', '1');
INSERT INTO Participate (username, courseId, participateRole, statusId) VALUES ('phuonghm', '3', '3', '1');
INSERT INTO Participate (username, courseId, participateRole, statusId) VALUES ('dungbt', '3', '3', '0');
INSERT INTO Participate (username, courseId, participateRole, statusId) VALUES ('phucdl', '3', '3', '0');
INSERT INTO Participate (username, courseId, participateRole, statusId) VALUES ('hieudt', '3', '3', '0');
INSERT INTO Participate (username, courseId, participateRole, statusId) VALUES ('minhnd', '3', '3', '0');
INSERT INTO Participate (username, courseId, participateRole, statusId) VALUES ('antt', '3', '3', '1');

INSERT INTO Participate (username, courseId, participateRole, statusId) VALUES ('giangpt', '4', '3', '1');
INSERT INTO Participate (username, courseId, participateRole, statusId) VALUES ('duckm', '4', '3', '1');
INSERT INTO Participate (username, courseId, participateRole, statusId) VALUES ('huyenntk', '4', '3', '1');
INSERT INTO Participate (username, courseId, participateRole, statusId) VALUES ('phuonghm', '4', '3', '1');
INSERT INTO Participate (username, courseId, participateRole, statusId) VALUES ('dungbt', '4', '3', '0');
INSERT INTO Participate (username, courseId, participateRole, statusId) VALUES ('phucdl', '4', '3', '0');
INSERT INTO Participate (username, courseId, participateRole, statusId) VALUES ('hieudt', '4', '3', '1');
INSERT INTO Participate (username, courseId, participateRole, statusId) VALUES ('minhnd', '4', '3', '0');
INSERT INTO Participate (username, courseId, participateRole, statusId) VALUES ('antt', '4', '3', '1');


INSERT INTO Participate (username, courseId, participateRole, statusId) VALUES ('giangpt', '5', '3', '1');
INSERT INTO Participate (username, courseId, participateRole, statusId) VALUES ('duckm', '5', '3', '1');
INSERT INTO Participate (username, courseId, participateRole, statusId) VALUES ('nhatvn', '5', '3', '1');
INSERT INTO Participate (username, courseId, participateRole, statusId) VALUES ('phuonghm', '5', '3', '1');
INSERT INTO Participate (username, courseId, participateRole, statusId) VALUES ('dungbt', '5', '3', '0');
INSERT INTO Participate (username, courseId, participateRole, statusId) VALUES ('phucdl', '5', '3', '0');
INSERT INTO Participate (username, courseId, participateRole, statusId) VALUES ('hieudt', '5', '3', '-1');
INSERT INTO Participate (username, courseId, participateRole, statusId) VALUES ('minhnd', '5', '3', '-1');
INSERT INTO Participate (username, courseId, participateRole, statusId) VALUES ('antt', '5', '3', '1');


-- Insert into Rating
INSERT INTO Rating (ratedFromUser, ratedToUser, noStar, ratingComment) VALUES ('namnh', 'huyenmentor', 3, 'Giảng viên này thực sự xuất sắc trong việc giảng dạy. Cách truyền đạt kiến thức của anh ấy rất dễ hiểu và hấp dẫn. Anh ấy tạo ra một môi trường học tập thoải mái và khuyến khích sự tham gia của tất cả học sinh. Anh ấy luôn sẵn lòng trả lời các câu hỏi và giúp đỡ học sinh khi cần. Nhờ anh ấy, tôi đã tiến bộ rõ rệt trong môn học này và cảm thấy tự tin hơn khi đối mặt với các khía cạnh khó khăn.');
INSERT INTO Rating (ratedFromUser, ratedToUser, noStar, ratingComment) VALUES ('namlx', 'huyenmentor', 4, 'Tôi rất hài lòng với giảng viên này. Anh ấy có kiến thức chuyên môn sâu rộng và biết cách áp dụng nó vào việc giảng dạy. Nhờ phương pháp dạy bài sáng tạo, anh ấy đã giúp tôi hiểu rõ và yêu thích môn học hơn bao giờ hết. Anh ấy cũng khuyến khích sự thảo luận và trao đổi ý kiến trong lớp, giúp tôi phát triển kỹ năng giao tiếp và tư duy phản biện.');
INSERT INTO Rating (ratedFromUser, ratedToUser, noStar, ratingComment) VALUES ('lamtn', 'huyenmentor', 5, 'Giảng viên này là một nguồn cảm hứng lớn cho tôi. Anh ấy rất đam mê và nhiệt huyết với môn học của mình, và điều này đã truyền cảm hứng cho tôi. Anh ấy tạo ra một môi trường học tập năng động và sáng tạo, khuyến khích sự sáng tạo và khám phá. Tôi đã học được rất nhiều từ anh ấy không chỉ về kiến thức chuyên môn mà còn về tinh thần và đam mê trong cuộc sống.');
INSERT INTO Rating (ratedFromUser, ratedToUser, noStar, ratingComment) VALUES ('chauntm', 'huyenmentor', 3, 'Giảng viên này rất tận tâm và chu đáo đối với học sinh. Anh ấy luôn sẵn sàng lắng nghe và giúp đỡ khi chúng tôi gặp khó khăn. Anh ấy có khả năng truyền đạt kiến thức một cách rõ ràng và dễ hiểu, giúp tôi nắm vững những khái niệm quan trọng. Bên cạnh đó, anh ấy cũng tổ chức các hoạt động ngoại khóa và thảo luận bổ ích, giúp tôi phát triển kỹ năng xã hội và tư duy nhóm.');
INSERT INTO Rating (ratedFromUser, ratedToUser, noStar, ratingComment) VALUES ('thanhdq', 'huyenmentor', 4, 'Giảng viên này là một người rất giàu kinh nghiệm và có cách dạy độc đáo. Anh ấy không chỉ truyền đạt kiến thức mà còn chia sẻ những kinh nghiệm thực tế và ví dụ trong lĩnh vực mà chúng tôi đang học. Điều này giúp tôi hiểu rõ hơn về cách áp dụng kiến thức vào thực tế. Anh ấy cũng tạo điều kiện cho sự phát triển độc lập và khám phá cá nhân, khuyến khích chúng tôi tìm hiểu sâu hơn về lĩnh vực quan tâm.');
INSERT INTO Rating (ratedFromUser, ratedToUser, noStar, ratingComment) VALUES ('namnt', 'huyenmentor', 5, 'Giảng viên này có thái độ lạnh lùng và không thân thiện với học sinh. Anh ấy thường xuyên chỉ trích và phê phán các học sinh khi họ mắc lỗi. Điều này tạo ra một môi trường học tập căng thẳng và không thoải mái. Anh ấy cũng không dành thời gian đủ để giải đáp câu hỏi hoặc giúp đỡ học sinh gặp khó khăn. Tôi cảm thấy không tự tin và mất hứng thú khi tham gia lớp học.');
INSERT INTO Rating (ratedFromUser, ratedToUser, noStar, ratingComment) VALUES ('namlm', 'huyenmentor', 3, 'Giảng viên này không chuẩn bị bài giảng kỹ lưỡng và thường trình bày một cách lập lờ. Các giải thích của anh ấy thường mơ hồ và khó hiểu, làm cho việc tiếp thu kiến thức trở nên khó khăn. Anh ấy cũng không khuyến khích sự tương tác và thảo luận trong lớp học. Tôi cảm thấy mất hứng thú và thiếu động lực khi tham gia vào môn học do cách giảng dạy của anh ấy.');
INSERT INTO Rating (ratedFromUser, ratedToUser, noStar, ratingComment) VALUES ('dungnt', 'huyenmentor', 4, 'Giảng viên này thường không đến lớp đúng giờ và kết thúc sớm hơn dự kiến. Anh ấy không tôn trọng thời gian của học sinh và điều này ảnh hưởng đến quá trình học tập của chúng tôi. Cách giảng dạy của anh ấy cũng thiếu sự cấu trúc và tổ chức. Tôi cảm thấy mất ổn định và không biết chương trình học sẽ diễn ra như thế nào, điều này gây ra sự bất an và lo lắng cho tôi.');
INSERT INTO Rating (ratedFromUser, ratedToUser, noStar, ratingComment) VALUES ('hoangnd', 'huyenmentor', 5, 'Giảng viên này thiếu sự kiên nhẫn và thái độ không thoải mái khi giải đáp câu hỏi. Anh ấy thường trả lời một cách vội vàng và không dễ hiểu. Điều này làm cho tôi mất tự tin và sợ hỏi câu hỏi trong lớp. Anh ấy cũng không tạo ra môi trường học tập tích cực, không khuyến khích sự tương tác và trao đổi ý kiến giữa các học sinh.');
INSERT INTO Rating (ratedFromUser, ratedToUser, noStar, ratingComment) VALUES ('tamvm', 'huyenmentor', 3, 'Giảng viên này thiếu sự tận tâm và không quan tâm đến sự phát triển cá nhân của học sinh. Anh ấy chỉ chú trọng đến việc truyền đạt kiến thức mà không quan tâm đến việc thúc đẩy khả năng sáng tạo và tư duy của chúng tôi. Anh ấy cũng không tạo ra môi trường học tập động lực, không khuyến khích sự tham gia và tương tác. Tôi cảm thấy không có động lực và sự hứng thú khi tham gia vào môn học.');
INSERT INTO Rating (ratedFromUser, ratedToUser, noStar, ratingComment) VALUES ('datdc', 'huyenmentor', 4, 'Giảng viên này thực sự xuất sắc trong việc giảng dạy. Cách truyền đạt kiến thức của anh ấy rất dễ hiểu và hấp dẫn. Anh ấy tạo ra một môi trường học tập thoải mái và khuyến khích sự tham gia của tất cả học sinh. Anh ấy luôn sẵn lòng trả lời các câu hỏi và giúp đỡ học sinh khi cần. Nhờ anh ấy, tôi đã tiến bộ rõ rệt trong môn học này và cảm thấy tự tin hơn khi đối mặt với các khía cạnh khó khăn.');
INSERT INTO Rating (ratedFromUser, ratedToUser, noStar, ratingComment) VALUES ('thinhnp', 'huyenmentor', 5, 'Tôi rất hài lòng với giảng viên này. Anh ấy có kiến thức chuyên môn sâu rộng và biết cách áp dụng nó vào việc giảng dạy. Nhờ phương pháp dạy bài sáng tạo, anh ấy đã giúp tôi hiểu rõ và yêu thích môn học hơn bao giờ hết. Anh ấy cũng khuyến khích sự thảo luận và trao đổi ý kiến trong lớp, giúp tôi phát triển kỹ năng giao tiếp và tư duy phản biện.');
INSERT INTO Rating (ratedFromUser, ratedToUser, noStar, ratingComment) VALUES ('haunt', 'huyenmentor', 3, 'Giảng viên này là một nguồn cảm hứng lớn cho tôi. Anh ấy rất đam mê và nhiệt huyết với môn học của mình, và điều này đã truyền cảm hứng cho tôi. Anh ấy tạo ra một môi trường học tập năng động và sáng tạo, khuyến khích sự sáng tạo và khám phá. Tôi đã học được rất nhiều từ anh ấy không chỉ về kiến thức chuyên môn mà còn về tinh thần và đam mê trong cuộc sống.');
INSERT INTO Rating (ratedFromUser, ratedToUser, noStar, ratingComment) VALUES ('huyenntk', 'huyenmentor', 4, 'Giảng viên này rất tận tâm và chu đáo đối với học sinh. Anh ấy luôn sẵn sàng lắng nghe và giúp đỡ khi chúng tôi gặp khó khăn. Anh ấy có khả năng truyền đạt kiến thức một cách rõ ràng và dễ hiểu, giúp tôi nắm vững những khái niệm quan trọng. Bên cạnh đó, anh ấy cũng tổ chức các hoạt động ngoại khóa và thảo luận bổ ích, giúp tôi phát triển kỹ năng xã hội và tư duy nhóm.');
INSERT INTO Rating (ratedFromUser, ratedToUser, noStar, ratingComment) VALUES ('giangpt', 'huyenmentor', 5, 'Giảng viên này là một người rất giàu kinh nghiệm và có cách dạy độc đáo. Anh ấy không chỉ truyền đạt kiến thức mà còn chia sẻ những kinh nghiệm thực tế và ví dụ trong lĩnh vực mà chúng tôi đang học. Điều này giúp tôi hiểu rõ hơn về cách áp dụng kiến thức vào thực tế. Anh ấy cũng tạo điều kiện cho sự phát triển độc lập và khám phá cá nhân, khuyến khích chúng tôi tìm hiểu sâu hơn về lĩnh vực quan tâm.');
INSERT INTO Rating (ratedFromUser, ratedToUser, noStar, ratingComment) VALUES ('duckm', 'huyenmentor', 3, 'Giảng viên này có thái độ lạnh lùng và không thân thiện với học sinh. Anh ấy thường xuyên chỉ trích và phê phán các học sinh khi họ mắc lỗi. Điều này tạo ra một môi trường học tập căng thẳng và không thoải mái. Anh ấy cũng không dành thời gian đủ để giải đáp câu hỏi hoặc giúp đỡ học sinh gặp khó khăn. Tôi cảm thấy không tự tin và mất hứng thú khi tham gia lớp học.');
INSERT INTO Rating (ratedFromUser, ratedToUser, noStar, ratingComment) VALUES ('nhatvn', 'huyenmentor', 4, 'Giảng viên này không chuẩn bị bài giảng kỹ lưỡng và thường trình bày một cách lập lờ. Các giải thích của anh ấy thường mơ hồ và khó hiểu, làm cho việc tiếp thu kiến thức trở nên khó khăn. Anh ấy cũng không khuyến khích sự tương tác và thảo luận trong lớp học. Tôi cảm thấy mất hứng thú và thiếu động lực khi tham gia vào môn học do cách giảng dạy của anh ấy.');
INSERT INTO Rating (ratedFromUser, ratedToUser, noStar, ratingComment) VALUES ('phuonghm', 'huyenmentor', 5, 'Giảng viên này thường không đến lớp đúng giờ và kết thúc sớm hơn dự kiến. Anh ấy không tôn trọng thời gian của học sinh và điều này ảnh hưởng đến quá trình học tập của chúng tôi. Cách giảng dạy của anh ấy cũng thiếu sự cấu trúc và tổ chức. Tôi cảm thấy mất ổn định và không biết chương trình học sẽ diễn ra như thế nào, điều này gây ra sự bất an và lo lắng cho tôi.');
INSERT INTO Rating (ratedFromUser, ratedToUser, noStar, ratingComment) VALUES ('dungbt', 'huyenmentor', 3, 'Giảng viên này thiếu sự kiên nhẫn và thái độ không thoải mái khi giải đáp câu hỏi. Anh ấy thường trả lời một cách vội vàng và không dễ hiểu. Điều này làm cho tôi mất tự tin và sợ hỏi câu hỏi trong lớp. Anh ấy cũng không tạo ra môi trường học tập tích cực, không khuyến khích sự tương tác và trao đổi ý kiến giữa các học sinh.');
INSERT INTO Rating (ratedFromUser, ratedToUser, noStar, ratingComment) VALUES ('phucdl', 'huyenmentor', 4, 'Giảng viên này thiếu sự tận tâm và không quan tâm đến sự phát triển cá nhân của học sinh. Anh ấy chỉ chú trọng đến việc truyền đạt kiến thức mà không quan tâm đến việc thúc đẩy khả năng sáng tạo và tư duy của chúng tôi. Anh ấy cũng không tạo ra môi trường học tập động lực, không khuyến khích sự tham gia và tương tác. Tôi cảm thấy không có động lực và sự hứng thú khi tham gia vào môn học.');
INSERT INTO Rating (ratedFromUser, ratedToUser, noStar, ratingComment) VALUES ('hieudt', 'huyenmentor', 5, 'Giảng viên này thực sự xuất sắc trong việc giảng dạy. Cách truyền đạt kiến thức của anh ấy rất dễ hiểu và hấp dẫn. Anh ấy tạo ra một môi trường học tập thoải mái và khuyến khích sự tham gia của tất cả học sinh. Anh ấy luôn sẵn lòng trả lời các câu hỏi và giúp đỡ học sinh khi cần. Nhờ anh ấy, tôi đã tiến bộ rõ rệt trong môn học này và cảm thấy tự tin hơn khi đối mặt với các khía cạnh khó khăn.');
INSERT INTO Rating (ratedFromUser, ratedToUser, noStar, ratingComment) VALUES ('minhnd', 'huyenmentor', 3, 'Tôi rất hài lòng với giảng viên này. Anh ấy có kiến thức chuyên môn sâu rộng và biết cách áp dụng nó vào việc giảng dạy. Nhờ phương pháp dạy bài sáng tạo, anh ấy đã giúp tôi hiểu rõ và yêu thích môn học hơn bao giờ hết. Anh ấy cũng khuyến khích sự thảo luận và trao đổi ý kiến trong lớp, giúp tôi phát triển kỹ năng giao tiếp và tư duy phản biện.');
INSERT INTO Rating (ratedFromUser, ratedToUser, noStar, ratingComment) VALUES ('antt', 'huyenmentor', 4, 'Giảng viên này là một nguồn cảm hứng lớn cho tôi. Anh ấy rất đam mê và nhiệt huyết với môn học của mình, và điều này đã truyền cảm hứng cho tôi. Anh ấy tạo ra một môi trường học tập năng động và sáng tạo, khuyến khích sự sáng tạo và khám phá. Tôi đã học được rất nhiều từ anh ấy không chỉ về kiến thức chuyên môn mà còn về tinh thần và đam mê trong cuộc sống.');
INSERT INTO Rating (ratedFromUser, ratedToUser, noStar, ratingComment) VALUES ('duongcd', 'huyenmentor', 5, 'Giảng viên này rất tận tâm và chu đáo đối với học sinh. Anh ấy luôn sẵn sàng lắng nghe và giúp đỡ khi chúng tôi gặp khó khăn. Anh ấy có khả năng truyền đạt kiến thức một cách rõ ràng và dễ hiểu, giúp tôi nắm vững những khái niệm quan trọng. Bên cạnh đó, anh ấy cũng tổ chức các hoạt động ngoại khóa và thảo luận bổ ích, giúp tôi phát triển kỹ năng xã hội và tư duy nhóm.');
INSERT INTO Rating (ratedFromUser, ratedToUser, noStar, ratingComment) VALUES ('hoangdn', 'huyenmentor', 3, 'Giảng viên này là một người rất giàu kinh nghiệm và có cách dạy độc đáo. Anh ấy không chỉ truyền đạt kiến thức mà còn chia sẻ những kinh nghiệm thực tế và ví dụ trong lĩnh vực mà chúng tôi đang học. Điều này giúp tôi hiểu rõ hơn về cách áp dụng kiến thức vào thực tế. Anh ấy cũng tạo điều kiện cho sự phát triển độc lập và khám phá cá nhân, khuyến khích chúng tôi tìm hiểu sâu hơn về lĩnh vực quan tâm.');
INSERT INTO Rating (ratedFromUser, ratedToUser, noStar, ratingComment) VALUES ('datnq', 'huyenmentor', 4, 'Giảng viên này có thái độ lạnh lùng và không thân thiện với học sinh. Anh ấy thường xuyên chỉ trích và phê phán các học sinh khi họ mắc lỗi. Điều này tạo ra một môi trường học tập căng thẳng và không thoải mái. Anh ấy cũng không dành thời gian đủ để giải đáp câu hỏi hoặc giúp đỡ học sinh gặp khó khăn. Tôi cảm thấy không tự tin và mất hứng thú khi tham gia lớp học.');
INSERT INTO Rating (ratedFromUser, ratedToUser, noStar, ratingComment) VALUES ('namnh', 'phuongmentor', 5, 'Giảng viên này không chuẩn bị bài giảng kỹ lưỡng và thường trình bày một cách lập lờ. Các giải thích của anh ấy thường mơ hồ và khó hiểu, làm cho việc tiếp thu kiến thức trở nên khó khăn. Anh ấy cũng không khuyến khích sự tương tác và thảo luận trong lớp học. Tôi cảm thấy mất hứng thú và thiếu động lực khi tham gia vào môn học do cách giảng dạy của anh ấy.');
INSERT INTO Rating (ratedFromUser, ratedToUser, noStar, ratingComment) VALUES ('namlx', 'phuongmentor', 3, 'Giảng viên này thực sự xuất sắc trong việc giảng dạy. Cách truyền đạt kiến thức của anh ấy rất dễ hiểu và hấp dẫn. Anh ấy tạo ra một môi trường học tập thoải mái và khuyến khích sự tham gia của tất cả học sinh. Anh ấy luôn sẵn lòng trả lời các câu hỏi và giúp đỡ học sinh khi cần. Nhờ anh ấy, tôi đã tiến bộ rõ rệt trong môn học này và cảm thấy tự tin hơn khi đối mặt với các khía cạnh khó khăn.');
INSERT INTO Rating (ratedFromUser, ratedToUser, noStar, ratingComment) VALUES ('lamtn', 'phuongmentor', 4, 'Tôi rất hài lòng với giảng viên này. Anh ấy có kiến thức chuyên môn sâu rộng và biết cách áp dụng nó vào việc giảng dạy. Nhờ phương pháp dạy bài sáng tạo, anh ấy đã giúp tôi hiểu rõ và yêu thích môn học hơn bao giờ hết. Anh ấy cũng khuyến khích sự thảo luận và trao đổi ý kiến trong lớp, giúp tôi phát triển kỹ năng giao tiếp và tư duy phản biện.');
INSERT INTO Rating (ratedFromUser, ratedToUser, noStar, ratingComment) VALUES ('chauntm', 'phuongmentor', 5, 'Giảng viên này là một nguồn cảm hứng lớn cho tôi. Anh ấy rất đam mê và nhiệt huyết với môn học của mình, và điều này đã truyền cảm hứng cho tôi. Anh ấy tạo ra một môi trường học tập năng động và sáng tạo, khuyến khích sự sáng tạo và khám phá. Tôi đã học được rất nhiều từ anh ấy không chỉ về kiến thức chuyên môn mà còn về tinh thần và đam mê trong cuộc sống.');
INSERT INTO Rating (ratedFromUser, ratedToUser, noStar, ratingComment) VALUES ('thanhdq', 'phuongmentor', 3, 'Giảng viên này rất tận tâm và chu đáo đối với học sinh. Anh ấy luôn sẵn sàng lắng nghe và giúp đỡ khi chúng tôi gặp khó khăn. Anh ấy có khả năng truyền đạt kiến thức một cách rõ ràng và dễ hiểu, giúp tôi nắm vững những khái niệm quan trọng. Bên cạnh đó, anh ấy cũng tổ chức các hoạt động ngoại khóa và thảo luận bổ ích, giúp tôi phát triển kỹ năng xã hội và tư duy nhóm.');
INSERT INTO Rating (ratedFromUser, ratedToUser, noStar, ratingComment) VALUES ('namnt', 'phuongmentor', 4, 'Giảng viên này là một người rất giàu kinh nghiệm và có cách dạy độc đáo. Anh ấy không chỉ truyền đạt kiến thức mà còn chia sẻ những kinh nghiệm thực tế và ví dụ trong lĩnh vực mà chúng tôi đang học. Điều này giúp tôi hiểu rõ hơn về cách áp dụng kiến thức vào thực tế. Anh ấy cũng tạo điều kiện cho sự phát triển độc lập và khám phá cá nhân, khuyến khích chúng tôi tìm hiểu sâu hơn về lĩnh vực quan tâm.');
INSERT INTO Rating (ratedFromUser, ratedToUser, noStar, ratingComment) VALUES ('namlm', 'phuongmentor', 5, 'Giảng viên này có thái độ lạnh lùng và không thân thiện với học sinh. Anh ấy thường xuyên chỉ trích và phê phán các học sinh khi họ mắc lỗi. Điều này tạo ra một môi trường học tập căng thẳng và không thoải mái. Anh ấy cũng không dành thời gian đủ để giải đáp câu hỏi hoặc giúp đỡ học sinh gặp khó khăn. Tôi cảm thấy không tự tin và mất hứng thú khi tham gia lớp học.');
INSERT INTO Rating (ratedFromUser, ratedToUser, noStar, ratingComment) VALUES ('dungnt', 'phuongmentor', 3, 'Giảng viên này không chuẩn bị bài giảng kỹ lưỡng và thường trình bày một cách lập lờ. Các giải thích của anh ấy thường mơ hồ và khó hiểu, làm cho việc tiếp thu kiến thức trở nên khó khăn. Anh ấy cũng không khuyến khích sự tương tác và thảo luận trong lớp học. Tôi cảm thấy mất hứng thú và thiếu động lực khi tham gia vào môn học do cách giảng dạy của anh ấy.');
INSERT INTO Rating (ratedFromUser, ratedToUser, noStar, ratingComment) VALUES ('hoangnd', 'phuongmentor', 4, 'Giảng viên này thường không đến lớp đúng giờ và kết thúc sớm hơn dự kiến. Anh ấy không tôn trọng thời gian của học sinh và điều này ảnh hưởng đến quá trình học tập của chúng tôi. Cách giảng dạy của anh ấy cũng thiếu sự cấu trúc và tổ chức. Tôi cảm thấy mất ổn định và không biết chương trình học sẽ diễn ra như thế nào, điều này gây ra sự bất an và lo lắng cho tôi.');
INSERT INTO Rating (ratedFromUser, ratedToUser, noStar, ratingComment) VALUES ('tamvm', 'phuongmentor', 5, 'Giảng viên này thiếu sự kiên nhẫn và thái độ không thoải mái khi giải đáp câu hỏi. Anh ấy thường trả lời một cách vội vàng và không dễ hiểu. Điều này làm cho tôi mất tự tin và sợ hỏi câu hỏi trong lớp. Anh ấy cũng không tạo ra môi trường học tập tích cực, không khuyến khích sự tương tác và trao đổi ý kiến giữa các học sinh.');
INSERT INTO Rating (ratedFromUser, ratedToUser, noStar, ratingComment) VALUES ('datdc', 'phuongmentor', 3, 'Giảng viên này thiếu sự tận tâm và không quan tâm đến sự phát triển cá nhân của học sinh. Anh ấy chỉ chú trọng đến việc truyền đạt kiến thức mà không quan tâm đến việc thúc đẩy khả năng sáng tạo và tư duy của chúng tôi. Anh ấy cũng không tạo ra môi trường học tập động lực, không khuyến khích sự tham gia và tương tác. Tôi cảm thấy không có động lực và sự hứng thú khi tham gia vào môn học.');
INSERT INTO Rating (ratedFromUser, ratedToUser, noStar, ratingComment) VALUES ('thinhnp', 'phuongmentor', 4, 'Giảng viên này thực sự xuất sắc trong việc giảng dạy. Cách truyền đạt kiến thức của anh ấy rất dễ hiểu và hấp dẫn. Anh ấy tạo ra một môi trường học tập thoải mái và khuyến khích sự tham gia của tất cả học sinh. Anh ấy luôn sẵn lòng trả lời các câu hỏi và giúp đỡ học sinh khi cần. Nhờ anh ấy, tôi đã tiến bộ rõ rệt trong môn học này và cảm thấy tự tin hơn khi đối mặt với các khía cạnh khó khăn.');
INSERT INTO Rating (ratedFromUser, ratedToUser, noStar, ratingComment) VALUES ('haunt', 'phuongmentor', 5, 'Tôi rất hài lòng với giảng viên này. Anh ấy có kiến thức chuyên môn sâu rộng và biết cách áp dụng nó vào việc giảng dạy. Nhờ phương pháp dạy bài sáng tạo, anh ấy đã giúp tôi hiểu rõ và yêu thích môn học hơn bao giờ hết. Anh ấy cũng khuyến khích sự thảo luận và trao đổi ý kiến trong lớp, giúp tôi phát triển kỹ năng giao tiếp và tư duy phản biện.');
INSERT INTO Rating (ratedFromUser, ratedToUser, noStar, ratingComment) VALUES ('huyenntk', 'phuongmentor', 3, 'Giảng viên này là một nguồn cảm hứng lớn cho tôi. Anh ấy rất đam mê và nhiệt huyết với môn học của mình, và điều này đã truyền cảm hứng cho tôi. Anh ấy tạo ra một môi trường học tập năng động và sáng tạo, khuyến khích sự sáng tạo và khám phá. Tôi đã học được rất nhiều từ anh ấy không chỉ về kiến thức chuyên môn mà còn về tinh thần và đam mê trong cuộc sống.');
INSERT INTO Rating (ratedFromUser, ratedToUser, noStar, ratingComment) VALUES ('giangpt', 'phuongmentor', 4, 'Giảng viên này rất tận tâm và chu đáo đối với học sinh. Anh ấy luôn sẵn sàng lắng nghe và giúp đỡ khi chúng tôi gặp khó khăn. Anh ấy có khả năng truyền đạt kiến thức một cách rõ ràng và dễ hiểu, giúp tôi nắm vững những khái niệm quan trọng. Bên cạnh đó, anh ấy cũng tổ chức các hoạt động ngoại khóa và thảo luận bổ ích, giúp tôi phát triển kỹ năng xã hội và tư duy nhóm.');
INSERT INTO Rating (ratedFromUser, ratedToUser, noStar, ratingComment) VALUES ('duckm', 'phuongmentor', 5, 'Giảng viên này là một người rất giàu kinh nghiệm và có cách dạy độc đáo. Anh ấy không chỉ truyền đạt kiến thức mà còn chia sẻ những kinh nghiệm thực tế và ví dụ trong lĩnh vực mà chúng tôi đang học. Điều này giúp tôi hiểu rõ hơn về cách áp dụng kiến thức vào thực tế. Anh ấy cũng tạo điều kiện cho sự phát triển độc lập và khám phá cá nhân, khuyến khích chúng tôi tìm hiểu sâu hơn về lĩnh vực quan tâm.');
INSERT INTO Rating (ratedFromUser, ratedToUser, noStar, ratingComment) VALUES ('nhatvn', 'phuongmentor', 3, 'Giảng viên này có thái độ lạnh lùng và không thân thiện với học sinh. Anh ấy thường xuyên chỉ trích và phê phán các học sinh khi họ mắc lỗi. Điều này tạo ra một môi trường học tập căng thẳng và không thoải mái. Anh ấy cũng không dành thời gian đủ để giải đáp câu hỏi hoặc giúp đỡ học sinh gặp khó khăn. Tôi cảm thấy không tự tin và mất hứng thú khi tham gia lớp học.');
INSERT INTO Rating (ratedFromUser, ratedToUser, noStar, ratingComment) VALUES ('phuonghm', 'phuongmentor', 4, 'Giảng viên này không chuẩn bị bài giảng kỹ lưỡng và thường trình bày một cách lập lờ. Các giải thích của anh ấy thường mơ hồ và khó hiểu, làm cho việc tiếp thu kiến thức trở nên khó khăn. Anh ấy cũng không khuyến khích sự tương tác và thảo luận trong lớp học. Tôi cảm thấy mất hứng thú và thiếu động lực khi tham gia vào môn học do cách giảng dạy của anh ấy.');
INSERT INTO Rating (ratedFromUser, ratedToUser, noStar, ratingComment) VALUES ('dungbt', 'phuongmentor', 5, 'Giảng viên này thường không đến lớp đúng giờ và kết thúc sớm hơn dự kiến. Anh ấy không tôn trọng thời gian của học sinh và điều này ảnh hưởng đến quá trình học tập của chúng tôi. Cách giảng dạy của anh ấy cũng thiếu sự cấu trúc và tổ chức. Tôi cảm thấy mất ổn định và không biết chương trình học sẽ diễn ra như thế nào, điều này gây ra sự bất an và lo lắng cho tôi.');
INSERT INTO Rating (ratedFromUser, ratedToUser, noStar, ratingComment) VALUES ('phucdl', 'phuongmentor', 3, 'Giảng viên này thiếu sự kiên nhẫn và thái độ không thoải mái khi giải đáp câu hỏi. Anh ấy thường trả lời một cách vội vàng và không dễ hiểu. Điều này làm cho tôi mất tự tin và sợ hỏi câu hỏi trong lớp. Anh ấy cũng không tạo ra môi trường học tập tích cực, không khuyến khích sự tương tác và trao đổi ý kiến giữa các học sinh.');
INSERT INTO Rating (ratedFromUser, ratedToUser, noStar, ratingComment) VALUES ('hieudt', 'phuongmentor', 4, 'Giảng viên này thiếu sự tận tâm và không quan tâm đến sự phát triển cá nhân của học sinh. Anh ấy chỉ chú trọng đến việc truyền đạt kiến thức mà không quan tâm đến việc thúc đẩy khả năng sáng tạo và tư duy của chúng tôi. Anh ấy cũng không tạo ra môi trường học tập động lực, không khuyến khích sự tham gia và tương tác. Tôi cảm thấy không có động lực và sự hứng thú khi tham gia vào môn học.');
INSERT INTO Rating (ratedFromUser, ratedToUser, noStar, ratingComment) VALUES ('minhnd', 'phuongmentor', 5, 'Giảng viên này thực sự xuất sắc trong việc giảng dạy. Cách truyền đạt kiến thức của anh ấy rất dễ hiểu và hấp dẫn. Anh ấy tạo ra một môi trường học tập thoải mái và khuyến khích sự tham gia của tất cả học sinh. Anh ấy luôn sẵn lòng trả lời các câu hỏi và giúp đỡ học sinh khi cần. Nhờ anh ấy, tôi đã tiến bộ rõ rệt trong môn học này và cảm thấy tự tin hơn khi đối mặt với các khía cạnh khó khăn.');
INSERT INTO Rating (ratedFromUser, ratedToUser, noStar, ratingComment) VALUES ('antt', 'phuongmentor', 3, 'Tôi rất hài lòng với giảng viên này. Anh ấy có kiến thức chuyên môn sâu rộng và biết cách áp dụng nó vào việc giảng dạy. Nhờ phương pháp dạy bài sáng tạo, anh ấy đã giúp tôi hiểu rõ và yêu thích môn học hơn bao giờ hết. Anh ấy cũng khuyến khích sự thảo luận và trao đổi ý kiến trong lớp, giúp tôi phát triển kỹ năng giao tiếp và tư duy phản biện.');
INSERT INTO Rating (ratedFromUser, ratedToUser, noStar, ratingComment) VALUES ('duongcd', 'phuongmentor', 4, 'Giảng viên này là một nguồn cảm hứng lớn cho tôi. Anh ấy rất đam mê và nhiệt huyết với môn học của mình, và điều này đã truyền cảm hứng cho tôi. Anh ấy tạo ra một môi trường học tập năng động và sáng tạo, khuyến khích sự sáng tạo và khám phá. Tôi đã học được rất nhiều từ anh ấy không chỉ về kiến thức chuyên môn mà còn về tinh thần và đam mê trong cuộc sống.');
INSERT INTO Rating (ratedFromUser, ratedToUser, noStar, ratingComment) VALUES ('hoangdn', 'phuongmentor', 5, 'Giảng viên này rất tận tâm và chu đáo đối với học sinh. Anh ấy luôn sẵn sàng lắng nghe và giúp đỡ khi chúng tôi gặp khó khăn. Anh ấy có khả năng truyền đạt kiến thức một cách rõ ràng và dễ hiểu, giúp tôi nắm vững những khái niệm quan trọng. Bên cạnh đó, anh ấy cũng tổ chức các hoạt động ngoại khóa và thảo luận bổ ích, giúp tôi phát triển kỹ năng xã hội và tư duy nhóm.');
INSERT INTO Rating (ratedFromUser, ratedToUser, noStar, ratingComment) VALUES ('datnq', 'phuongmentor', 3, 'Giảng viên này là một người rất giàu kinh nghiệm và có cách dạy độc đáo. Anh ấy không chỉ truyền đạt kiến thức mà còn chia sẻ những kinh nghiệm thực tế và ví dụ trong lĩnh vực mà chúng tôi đang học. Điều này giúp tôi hiểu rõ hơn về cách áp dụng kiến thức vào thực tế. Anh ấy cũng tạo điều kiện cho sự phát triển độc lập và khám phá cá nhân, khuyến khích chúng tôi tìm hiểu sâu hơn về lĩnh vực quan tâm.');
INSERT INTO Rating (ratedFromUser, ratedToUser, noStar, ratingComment) VALUES ('namnh', 'ducmentor', 4, 'Giảng viên này có thái độ lạnh lùng và không thân thiện với học sinh. Anh ấy thường xuyên chỉ trích và phê phán các học sinh khi họ mắc lỗi. Điều này tạo ra một môi trường học tập căng thẳng và không thoải mái. Anh ấy cũng không dành thời gian đủ để giải đáp câu hỏi hoặc giúp đỡ học sinh gặp khó khăn. Tôi cảm thấy không tự tin và mất hứng thú khi tham gia lớp học.');
INSERT INTO Rating (ratedFromUser, ratedToUser, noStar, ratingComment) VALUES ('namlx', 'ducmentor', 5, 'Giảng viên này không chuẩn bị bài giảng kỹ lưỡng và thường trình bày một cách lập lờ. Các giải thích của anh ấy thường mơ hồ và khó hiểu, làm cho việc tiếp thu kiến thức trở nên khó khăn. Anh ấy cũng không khuyến khích sự tương tác và thảo luận trong lớp học. Tôi cảm thấy mất hứng thú và thiếu động lực khi tham gia vào môn học do cách giảng dạy của anh ấy.');
INSERT INTO Rating (ratedFromUser, ratedToUser, noStar, ratingComment) VALUES ('lamtn', 'ducmentor', 3, 'Giảng viên này thực sự xuất sắc trong việc giảng dạy. Cách truyền đạt kiến thức của anh ấy rất dễ hiểu và hấp dẫn. Anh ấy tạo ra một môi trường học tập thoải mái và khuyến khích sự tham gia của tất cả học sinh. Anh ấy luôn sẵn lòng trả lời các câu hỏi và giúp đỡ học sinh khi cần. Nhờ anh ấy, tôi đã tiến bộ rõ rệt trong môn học này và cảm thấy tự tin hơn khi đối mặt với các khía cạnh khó khăn.');
INSERT INTO Rating (ratedFromUser, ratedToUser, noStar, ratingComment) VALUES ('chauntm', 'ducmentor', 4, 'Tôi rất hài lòng với giảng viên này. Anh ấy có kiến thức chuyên môn sâu rộng và biết cách áp dụng nó vào việc giảng dạy. Nhờ phương pháp dạy bài sáng tạo, anh ấy đã giúp tôi hiểu rõ và yêu thích môn học hơn bao giờ hết. Anh ấy cũng khuyến khích sự thảo luận và trao đổi ý kiến trong lớp, giúp tôi phát triển kỹ năng giao tiếp và tư duy phản biện.');
INSERT INTO Rating (ratedFromUser, ratedToUser, noStar, ratingComment) VALUES ('thanhdq', 'ducmentor', 5, 'Giảng viên này là một nguồn cảm hứng lớn cho tôi. Anh ấy rất đam mê và nhiệt huyết với môn học của mình, và điều này đã truyền cảm hứng cho tôi. Anh ấy tạo ra một môi trường học tập năng động và sáng tạo, khuyến khích sự sáng tạo và khám phá. Tôi đã học được rất nhiều từ anh ấy không chỉ về kiến thức chuyên môn mà còn về tinh thần và đam mê trong cuộc sống.');
INSERT INTO Rating (ratedFromUser, ratedToUser, noStar, ratingComment) VALUES ('namnt', 'ducmentor', 3, 'Giảng viên này rất tận tâm và chu đáo đối với học sinh. Anh ấy luôn sẵn sàng lắng nghe và giúp đỡ khi chúng tôi gặp khó khăn. Anh ấy có khả năng truyền đạt kiến thức một cách rõ ràng và dễ hiểu, giúp tôi nắm vững những khái niệm quan trọng. Bên cạnh đó, anh ấy cũng tổ chức các hoạt động ngoại khóa và thảo luận bổ ích, giúp tôi phát triển kỹ năng xã hội và tư duy nhóm.');
INSERT INTO Rating (ratedFromUser, ratedToUser, noStar, ratingComment) VALUES ('namlm', 'ducmentor', 4, 'Giảng viên này là một người rất giàu kinh nghiệm và có cách dạy độc đáo. Anh ấy không chỉ truyền đạt kiến thức mà còn chia sẻ những kinh nghiệm thực tế và ví dụ trong lĩnh vực mà chúng tôi đang học. Điều này giúp tôi hiểu rõ hơn về cách áp dụng kiến thức vào thực tế. Anh ấy cũng tạo điều kiện cho sự phát triển độc lập và khám phá cá nhân, khuyến khích chúng tôi tìm hiểu sâu hơn về lĩnh vực quan tâm.');
INSERT INTO Rating (ratedFromUser, ratedToUser, noStar, ratingComment) VALUES ('dungnt', 'ducmentor', 5, 'Giảng viên này có thái độ lạnh lùng và không thân thiện với học sinh. Anh ấy thường xuyên chỉ trích và phê phán các học sinh khi họ mắc lỗi. Điều này tạo ra một môi trường học tập căng thẳng và không thoải mái. Anh ấy cũng không dành thời gian đủ để giải đáp câu hỏi hoặc giúp đỡ học sinh gặp khó khăn. Tôi cảm thấy không tự tin và mất hứng thú khi tham gia lớp học.');
INSERT INTO Rating (ratedFromUser, ratedToUser, noStar, ratingComment) VALUES ('hoangnd', 'ducmentor', 3, 'Giảng viên này không chuẩn bị bài giảng kỹ lưỡng và thường trình bày một cách lập lờ. Các giải thích của anh ấy thường mơ hồ và khó hiểu, làm cho việc tiếp thu kiến thức trở nên khó khăn. Anh ấy cũng không khuyến khích sự tương tác và thảo luận trong lớp học. Tôi cảm thấy mất hứng thú và thiếu động lực khi tham gia vào môn học do cách giảng dạy của anh ấy.');
INSERT INTO Rating (ratedFromUser, ratedToUser, noStar, ratingComment) VALUES ('tamvm', 'ducmentor', 4, 'Giảng viên này thường không đến lớp đúng giờ và kết thúc sớm hơn dự kiến. Anh ấy không tôn trọng thời gian của học sinh và điều này ảnh hưởng đến quá trình học tập của chúng tôi. Cách giảng dạy của anh ấy cũng thiếu sự cấu trúc và tổ chức. Tôi cảm thấy mất ổn định và không biết chương trình học sẽ diễn ra như thế nào, điều này gây ra sự bất an và lo lắng cho tôi.');
INSERT INTO Rating (ratedFromUser, ratedToUser, noStar, ratingComment) VALUES ('datdc', 'ducmentor', 5, 'Giảng viên này thiếu sự kiên nhẫn và thái độ không thoải mái khi giải đáp câu hỏi. Anh ấy thường trả lời một cách vội vàng và không dễ hiểu. Điều này làm cho tôi mất tự tin và sợ hỏi câu hỏi trong lớp. Anh ấy cũng không tạo ra môi trường học tập tích cực, không khuyến khích sự tương tác và trao đổi ý kiến giữa các học sinh.');
INSERT INTO Rating (ratedFromUser, ratedToUser, noStar, ratingComment) VALUES ('thinhnp', 'ducmentor', 3, 'Giảng viên này thiếu sự tận tâm và không quan tâm đến sự phát triển cá nhân của học sinh. Anh ấy chỉ chú trọng đến việc truyền đạt kiến thức mà không quan tâm đến việc thúc đẩy khả năng sáng tạo và tư duy của chúng tôi. Anh ấy cũng không tạo ra môi trường học tập động lực, không khuyến khích sự tham gia và tương tác. Tôi cảm thấy không có động lực và sự hứng thú khi tham gia vào môn học.');
INSERT INTO Rating (ratedFromUser, ratedToUser, noStar, ratingComment) VALUES ('haunt', 'ducmentor', 4, 'Giảng viên này thực sự xuất sắc trong việc giảng dạy. Cách truyền đạt kiến thức của anh ấy rất dễ hiểu và hấp dẫn. Anh ấy tạo ra một môi trường học tập thoải mái và khuyến khích sự tham gia của tất cả học sinh. Anh ấy luôn sẵn lòng trả lời các câu hỏi và giúp đỡ học sinh khi cần. Nhờ anh ấy, tôi đã tiến bộ rõ rệt trong môn học này và cảm thấy tự tin hơn khi đối mặt với các khía cạnh khó khăn.');
INSERT INTO Rating (ratedFromUser, ratedToUser, noStar, ratingComment) VALUES ('huyenntk', 'ducmentor', 5, 'Tôi rất hài lòng với giảng viên này. Anh ấy có kiến thức chuyên môn sâu rộng và biết cách áp dụng nó vào việc giảng dạy. Nhờ phương pháp dạy bài sáng tạo, anh ấy đã giúp tôi hiểu rõ và yêu thích môn học hơn bao giờ hết. Anh ấy cũng khuyến khích sự thảo luận và trao đổi ý kiến trong lớp, giúp tôi phát triển kỹ năng giao tiếp và tư duy phản biện.');
INSERT INTO Rating (ratedFromUser, ratedToUser, noStar, ratingComment) VALUES ('giangpt', 'ducmentor', 3, 'Giảng viên này là một nguồn cảm hứng lớn cho tôi. Anh ấy rất đam mê và nhiệt huyết với môn học của mình, và điều này đã truyền cảm hứng cho tôi. Anh ấy tạo ra một môi trường học tập năng động và sáng tạo, khuyến khích sự sáng tạo và khám phá. Tôi đã học được rất nhiều từ anh ấy không chỉ về kiến thức chuyên môn mà còn về tinh thần và đam mê trong cuộc sống.');
INSERT INTO Rating (ratedFromUser, ratedToUser, noStar, ratingComment) VALUES ('duckm', 'ducmentor', 4, 'Giảng viên này rất tận tâm và chu đáo đối với học sinh. Anh ấy luôn sẵn sàng lắng nghe và giúp đỡ khi chúng tôi gặp khó khăn. Anh ấy có khả năng truyền đạt kiến thức một cách rõ ràng và dễ hiểu, giúp tôi nắm vững những khái niệm quan trọng. Bên cạnh đó, anh ấy cũng tổ chức các hoạt động ngoại khóa và thảo luận bổ ích, giúp tôi phát triển kỹ năng xã hội và tư duy nhóm.');
INSERT INTO Rating (ratedFromUser, ratedToUser, noStar, ratingComment) VALUES ('nhatvn', 'ducmentor', 5, 'Giảng viên này là một người rất giàu kinh nghiệm và có cách dạy độc đáo. Anh ấy không chỉ truyền đạt kiến thức mà còn chia sẻ những kinh nghiệm thực tế và ví dụ trong lĩnh vực mà chúng tôi đang học. Điều này giúp tôi hiểu rõ hơn về cách áp dụng kiến thức vào thực tế. Anh ấy cũng tạo điều kiện cho sự phát triển độc lập và khám phá cá nhân, khuyến khích chúng tôi tìm hiểu sâu hơn về lĩnh vực quan tâm.');
INSERT INTO Rating (ratedFromUser, ratedToUser, noStar, ratingComment) VALUES ('phuonghm', 'ducmentor', 3, 'Giảng viên này có thái độ lạnh lùng và không thân thiện với học sinh. Anh ấy thường xuyên chỉ trích và phê phán các học sinh khi họ mắc lỗi. Điều này tạo ra một môi trường học tập căng thẳng và không thoải mái. Anh ấy cũng không dành thời gian đủ để giải đáp câu hỏi hoặc giúp đỡ học sinh gặp khó khăn. Tôi cảm thấy không tự tin và mất hứng thú khi tham gia lớp học.');
INSERT INTO Rating (ratedFromUser, ratedToUser, noStar, ratingComment) VALUES ('dungbt', 'ducmentor', 4, 'Giảng viên này không chuẩn bị bài giảng kỹ lưỡng và thường trình bày một cách lập lờ. Các giải thích của anh ấy thường mơ hồ và khó hiểu, làm cho việc tiếp thu kiến thức trở nên khó khăn. Anh ấy cũng không khuyến khích sự tương tác và thảo luận trong lớp học. Tôi cảm thấy mất hứng thú và thiếu động lực khi tham gia vào môn học do cách giảng dạy của anh ấy.');
INSERT INTO Rating (ratedFromUser, ratedToUser, noStar, ratingComment) VALUES ('phucdl', 'ducmentor', 5, 'Giảng viên này thường không đến lớp đúng giờ và kết thúc sớm hơn dự kiến. Anh ấy không tôn trọng thời gian của học sinh và điều này ảnh hưởng đến quá trình học tập của chúng tôi. Cách giảng dạy của anh ấy cũng thiếu sự cấu trúc và tổ chức. Tôi cảm thấy mất ổn định và không biết chương trình học sẽ diễn ra như thế nào, điều này gây ra sự bất an và lo lắng cho tôi.');
INSERT INTO Rating (ratedFromUser, ratedToUser, noStar, ratingComment) VALUES ('hieudt', 'ducmentor', 3, 'Giảng viên này thiếu sự kiên nhẫn và thái độ không thoải mái khi giải đáp câu hỏi. Anh ấy thường trả lời một cách vội vàng và không dễ hiểu. Điều này làm cho tôi mất tự tin và sợ hỏi câu hỏi trong lớp. Anh ấy cũng không tạo ra môi trường học tập tích cực, không khuyến khích sự tương tác và trao đổi ý kiến giữa các học sinh.');
INSERT INTO Rating (ratedFromUser, ratedToUser, noStar, ratingComment) VALUES ('minhnd', 'ducmentor', 4, 'Giảng viên này thiếu sự tận tâm và không quan tâm đến sự phát triển cá nhân của học sinh. Anh ấy chỉ chú trọng đến việc truyền đạt kiến thức mà không quan tâm đến việc thúc đẩy khả năng sáng tạo và tư duy của chúng tôi. Anh ấy cũng không tạo ra môi trường học tập động lực, không khuyến khích sự tham gia và tương tác. Tôi cảm thấy không có động lực và sự hứng thú khi tham gia vào môn học.');
INSERT INTO Rating (ratedFromUser, ratedToUser, noStar, ratingComment) VALUES ('antt', 'ducmentor', 5, 'Giảng viên này thực sự xuất sắc trong việc giảng dạy. Cách truyền đạt kiến thức của anh ấy rất dễ hiểu và hấp dẫn. Anh ấy tạo ra một môi trường học tập thoải mái và khuyến khích sự tham gia của tất cả học sinh. Anh ấy luôn sẵn lòng trả lời các câu hỏi và giúp đỡ học sinh khi cần. Nhờ anh ấy, tôi đã tiến bộ rõ rệt trong môn học này và cảm thấy tự tin hơn khi đối mặt với các khía cạnh khó khăn.');
INSERT INTO Rating (ratedFromUser, ratedToUser, noStar, ratingComment) VALUES ('duongcd', 'ducmentor', 3, 'Tôi rất hài lòng với giảng viên này. Anh ấy có kiến thức chuyên môn sâu rộng và biết cách áp dụng nó vào việc giảng dạy. Nhờ phương pháp dạy bài sáng tạo, anh ấy đã giúp tôi hiểu rõ và yêu thích môn học hơn bao giờ hết. Anh ấy cũng khuyến khích sự thảo luận và trao đổi ý kiến trong lớp, giúp tôi phát triển kỹ năng giao tiếp và tư duy phản biện.');
INSERT INTO Rating (ratedFromUser, ratedToUser, noStar, ratingComment) VALUES ('hoangdn', 'ducmentor', 4, 'Giảng viên này là một nguồn cảm hứng lớn cho tôi. Anh ấy rất đam mê và nhiệt huyết với môn học của mình, và điều này đã truyền cảm hứng cho tôi. Anh ấy tạo ra một môi trường học tập năng động và sáng tạo, khuyến khích sự sáng tạo và khám phá. Tôi đã học được rất nhiều từ anh ấy không chỉ về kiến thức chuyên môn mà còn về tinh thần và đam mê trong cuộc sống.');
INSERT INTO Rating (ratedFromUser, ratedToUser, noStar, ratingComment) VALUES ('datnq', 'ducmentor', 5, 'Giảng viên này rất tận tâm và chu đáo đối với học sinh. Anh ấy luôn sẵn sàng lắng nghe và giúp đỡ khi chúng tôi gặp khó khăn. Anh ấy có khả năng truyền đạt kiến thức một cách rõ ràng và dễ hiểu, giúp tôi nắm vững những khái niệm quan trọng. Bên cạnh đó, anh ấy cũng tổ chức các hoạt động ngoại khóa và thảo luận bổ ích, giúp tôi phát triển kỹ năng xã hội và tư duy nhóm.');
INSERT INTO Rating (ratedFromUser, ratedToUser, noStar, ratingComment) VALUES ('namnh', 'giangmentor', 3, 'Giảng viên này là một người rất giàu kinh nghiệm và có cách dạy độc đáo. Anh ấy không chỉ truyền đạt kiến thức mà còn chia sẻ những kinh nghiệm thực tế và ví dụ trong lĩnh vực mà chúng tôi đang học. Điều này giúp tôi hiểu rõ hơn về cách áp dụng kiến thức vào thực tế. Anh ấy cũng tạo điều kiện cho sự phát triển độc lập và khám phá cá nhân, khuyến khích chúng tôi tìm hiểu sâu hơn về lĩnh vực quan tâm.');
INSERT INTO Rating (ratedFromUser, ratedToUser, noStar, ratingComment) VALUES ('namlx', 'giangmentor', 4, 'Giảng viên này có thái độ lạnh lùng và không thân thiện với học sinh. Anh ấy thường xuyên chỉ trích và phê phán các học sinh khi họ mắc lỗi. Điều này tạo ra một môi trường học tập căng thẳng và không thoải mái. Anh ấy cũng không dành thời gian đủ để giải đáp câu hỏi hoặc giúp đỡ học sinh gặp khó khăn. Tôi cảm thấy không tự tin và mất hứng thú khi tham gia lớp học.');
INSERT INTO Rating (ratedFromUser, ratedToUser, noStar, ratingComment) VALUES ('lamtn', 'giangmentor', 5, 'Giảng viên này không chuẩn bị bài giảng kỹ lưỡng và thường trình bày một cách lập lờ. Các giải thích của anh ấy thường mơ hồ và khó hiểu, làm cho việc tiếp thu kiến thức trở nên khó khăn. Anh ấy cũng không khuyến khích sự tương tác và thảo luận trong lớp học. Tôi cảm thấy mất hứng thú và thiếu động lực khi tham gia vào môn học do cách giảng dạy của anh ấy.');
INSERT INTO Rating (ratedFromUser, ratedToUser, noStar, ratingComment) VALUES ('chauntm', 'giangmentor', 3, 'Giảng viên này thực sự xuất sắc trong việc giảng dạy. Cách truyền đạt kiến thức của anh ấy rất dễ hiểu và hấp dẫn. Anh ấy tạo ra một môi trường học tập thoải mái và khuyến khích sự tham gia của tất cả học sinh. Anh ấy luôn sẵn lòng trả lời các câu hỏi và giúp đỡ học sinh khi cần. Nhờ anh ấy, tôi đã tiến bộ rõ rệt trong môn học này và cảm thấy tự tin hơn khi đối mặt với các khía cạnh khó khăn.');
INSERT INTO Rating (ratedFromUser, ratedToUser, noStar, ratingComment) VALUES ('thanhdq', 'giangmentor', 4, 'Tôi rất hài lòng với giảng viên này. Anh ấy có kiến thức chuyên môn sâu rộng và biết cách áp dụng nó vào việc giảng dạy. Nhờ phương pháp dạy bài sáng tạo, anh ấy đã giúp tôi hiểu rõ và yêu thích môn học hơn bao giờ hết. Anh ấy cũng khuyến khích sự thảo luận và trao đổi ý kiến trong lớp, giúp tôi phát triển kỹ năng giao tiếp và tư duy phản biện.');
INSERT INTO Rating (ratedFromUser, ratedToUser, noStar, ratingComment) VALUES ('namnt', 'giangmentor', 5, 'Giảng viên này là một nguồn cảm hứng lớn cho tôi. Anh ấy rất đam mê và nhiệt huyết với môn học của mình, và điều này đã truyền cảm hứng cho tôi. Anh ấy tạo ra một môi trường học tập năng động và sáng tạo, khuyến khích sự sáng tạo và khám phá. Tôi đã học được rất nhiều từ anh ấy không chỉ về kiến thức chuyên môn mà còn về tinh thần và đam mê trong cuộc sống.');
INSERT INTO Rating (ratedFromUser, ratedToUser, noStar, ratingComment) VALUES ('namlm', 'giangmentor', 3, 'Giảng viên này rất tận tâm và chu đáo đối với học sinh. Anh ấy luôn sẵn sàng lắng nghe và giúp đỡ khi chúng tôi gặp khó khăn. Anh ấy có khả năng truyền đạt kiến thức một cách rõ ràng và dễ hiểu, giúp tôi nắm vững những khái niệm quan trọng. Bên cạnh đó, anh ấy cũng tổ chức các hoạt động ngoại khóa và thảo luận bổ ích, giúp tôi phát triển kỹ năng xã hội và tư duy nhóm.');
INSERT INTO Rating (ratedFromUser, ratedToUser, noStar, ratingComment) VALUES ('dungnt', 'giangmentor', 4, 'Giảng viên này là một người rất giàu kinh nghiệm và có cách dạy độc đáo. Anh ấy không chỉ truyền đạt kiến thức mà còn chia sẻ những kinh nghiệm thực tế và ví dụ trong lĩnh vực mà chúng tôi đang học. Điều này giúp tôi hiểu rõ hơn về cách áp dụng kiến thức vào thực tế. Anh ấy cũng tạo điều kiện cho sự phát triển độc lập và khám phá cá nhân, khuyến khích chúng tôi tìm hiểu sâu hơn về lĩnh vực quan tâm.');
INSERT INTO Rating (ratedFromUser, ratedToUser, noStar, ratingComment) VALUES ('hoangnd', 'giangmentor', 5, 'Giảng viên này có thái độ lạnh lùng và không thân thiện với học sinh. Anh ấy thường xuyên chỉ trích và phê phán các học sinh khi họ mắc lỗi. Điều này tạo ra một môi trường học tập căng thẳng và không thoải mái. Anh ấy cũng không dành thời gian đủ để giải đáp câu hỏi hoặc giúp đỡ học sinh gặp khó khăn. Tôi cảm thấy không tự tin và mất hứng thú khi tham gia lớp học.');
INSERT INTO Rating (ratedFromUser, ratedToUser, noStar, ratingComment) VALUES ('tamvm', 'giangmentor', 3, 'Giảng viên này không chuẩn bị bài giảng kỹ lưỡng và thường trình bày một cách lập lờ. Các giải thích của anh ấy thường mơ hồ và khó hiểu, làm cho việc tiếp thu kiến thức trở nên khó khăn. Anh ấy cũng không khuyến khích sự tương tác và thảo luận trong lớp học. Tôi cảm thấy mất hứng thú và thiếu động lực khi tham gia vào môn học do cách giảng dạy của anh ấy.');
INSERT INTO Rating (ratedFromUser, ratedToUser, noStar, ratingComment) VALUES ('datdc', 'giangmentor', 4, 'Giảng viên này thường không đến lớp đúng giờ và kết thúc sớm hơn dự kiến. Anh ấy không tôn trọng thời gian của học sinh và điều này ảnh hưởng đến quá trình học tập của chúng tôi. Cách giảng dạy của anh ấy cũng thiếu sự cấu trúc và tổ chức. Tôi cảm thấy mất ổn định và không biết chương trình học sẽ diễn ra như thế nào, điều này gây ra sự bất an và lo lắng cho tôi.');
INSERT INTO Rating (ratedFromUser, ratedToUser, noStar, ratingComment) VALUES ('thinhnp', 'giangmentor', 5, 'Giảng viên này thiếu sự kiên nhẫn và thái độ không thoải mái khi giải đáp câu hỏi. Anh ấy thường trả lời một cách vội vàng và không dễ hiểu. Điều này làm cho tôi mất tự tin và sợ hỏi câu hỏi trong lớp. Anh ấy cũng không tạo ra môi trường học tập tích cực, không khuyến khích sự tương tác và trao đổi ý kiến giữa các học sinh.');
INSERT INTO Rating (ratedFromUser, ratedToUser, noStar, ratingComment) VALUES ('haunt', 'giangmentor', 3, 'Giảng viên này thiếu sự tận tâm và không quan tâm đến sự phát triển cá nhân của học sinh. Anh ấy chỉ chú trọng đến việc truyền đạt kiến thức mà không quan tâm đến việc thúc đẩy khả năng sáng tạo và tư duy của chúng tôi. Anh ấy cũng không tạo ra môi trường học tập động lực, không khuyến khích sự tham gia và tương tác. Tôi cảm thấy không có động lực và sự hứng thú khi tham gia vào môn học.');
INSERT INTO Rating (ratedFromUser, ratedToUser, noStar, ratingComment) VALUES ('huyenntk', 'giangmentor', 4, 'Giảng viên này thực sự xuất sắc trong việc giảng dạy. Cách truyền đạt kiến thức của anh ấy rất dễ hiểu và hấp dẫn. Anh ấy tạo ra một môi trường học tập thoải mái và khuyến khích sự tham gia của tất cả học sinh. Anh ấy luôn sẵn lòng trả lời các câu hỏi và giúp đỡ học sinh khi cần. Nhờ anh ấy, tôi đã tiến bộ rõ rệt trong môn học này và cảm thấy tự tin hơn khi đối mặt với các khía cạnh khó khăn.');
INSERT INTO Rating (ratedFromUser, ratedToUser, noStar, ratingComment) VALUES ('giangpt', 'giangmentor', 5, 'Tôi rất hài lòng với giảng viên này. Anh ấy có kiến thức chuyên môn sâu rộng và biết cách áp dụng nó vào việc giảng dạy. Nhờ phương pháp dạy bài sáng tạo, anh ấy đã giúp tôi hiểu rõ và yêu thích môn học hơn bao giờ hết. Anh ấy cũng khuyến khích sự thảo luận và trao đổi ý kiến trong lớp, giúp tôi phát triển kỹ năng giao tiếp và tư duy phản biện.');
INSERT INTO Rating (ratedFromUser, ratedToUser, noStar, ratingComment) VALUES ('duckm', 'giangmentor', 3, 'Giảng viên này là một nguồn cảm hứng lớn cho tôi. Anh ấy rất đam mê và nhiệt huyết với môn học của mình, và điều này đã truyền cảm hứng cho tôi. Anh ấy tạo ra một môi trường học tập năng động và sáng tạo, khuyến khích sự sáng tạo và khám phá. Tôi đã học được rất nhiều từ anh ấy không chỉ về kiến thức chuyên môn mà còn về tinh thần và đam mê trong cuộc sống.');
INSERT INTO Rating (ratedFromUser, ratedToUser, noStar, ratingComment) VALUES ('nhatvn', 'giangmentor', 4, 'Giảng viên này rất tận tâm và chu đáo đối với học sinh. Anh ấy luôn sẵn sàng lắng nghe và giúp đỡ khi chúng tôi gặp khó khăn. Anh ấy có khả năng truyền đạt kiến thức một cách rõ ràng và dễ hiểu, giúp tôi nắm vững những khái niệm quan trọng. Bên cạnh đó, anh ấy cũng tổ chức các hoạt động ngoại khóa và thảo luận bổ ích, giúp tôi phát triển kỹ năng xã hội và tư duy nhóm.');
INSERT INTO Rating (ratedFromUser, ratedToUser, noStar, ratingComment) VALUES ('phuonghm', 'giangmentor', 5, 'Giảng viên này là một người rất giàu kinh nghiệm và có cách dạy độc đáo. Anh ấy không chỉ truyền đạt kiến thức mà còn chia sẻ những kinh nghiệm thực tế và ví dụ trong lĩnh vực mà chúng tôi đang học. Điều này giúp tôi hiểu rõ hơn về cách áp dụng kiến thức vào thực tế. Anh ấy cũng tạo điều kiện cho sự phát triển độc lập và khám phá cá nhân, khuyến khích chúng tôi tìm hiểu sâu hơn về lĩnh vực quan tâm.');
INSERT INTO Rating (ratedFromUser, ratedToUser, noStar, ratingComment) VALUES ('dungbt', 'giangmentor', 3, 'Giảng viên này có thái độ lạnh lùng và không thân thiện với học sinh. Anh ấy thường xuyên chỉ trích và phê phán các học sinh khi họ mắc lỗi. Điều này tạo ra một môi trường học tập căng thẳng và không thoải mái. Anh ấy cũng không dành thời gian đủ để giải đáp câu hỏi hoặc giúp đỡ học sinh gặp khó khăn. Tôi cảm thấy không tự tin và mất hứng thú khi tham gia lớp học.');
INSERT INTO Rating (ratedFromUser, ratedToUser, noStar, ratingComment) VALUES ('phucdl', 'giangmentor', 4, 'Giảng viên này không chuẩn bị bài giảng kỹ lưỡng và thường trình bày một cách lập lờ. Các giải thích của anh ấy thường mơ hồ và khó hiểu, làm cho việc tiếp thu kiến thức trở nên khó khăn. Anh ấy cũng không khuyến khích sự tương tác và thảo luận trong lớp học. Tôi cảm thấy mất hứng thú và thiếu động lực khi tham gia vào môn học do cách giảng dạy của anh ấy.');
INSERT INTO Rating (ratedFromUser, ratedToUser, noStar, ratingComment) VALUES ('hieudt', 'giangmentor', 5, 'Giảng viên này thường không đến lớp đúng giờ và kết thúc sớm hơn dự kiến. Anh ấy không tôn trọng thời gian của học sinh và điều này ảnh hưởng đến quá trình học tập của chúng tôi. Cách giảng dạy của anh ấy cũng thiếu sự cấu trúc và tổ chức. Tôi cảm thấy mất ổn định và không biết chương trình học sẽ diễn ra như thế nào, điều này gây ra sự bất an và lo lắng cho tôi.');
INSERT INTO Rating (ratedFromUser, ratedToUser, noStar, ratingComment) VALUES ('minhnd', 'giangmentor', 3, 'Giảng viên này thiếu sự kiên nhẫn và thái độ không thoải mái khi giải đáp câu hỏi. Anh ấy thường trả lời một cách vội vàng và không dễ hiểu. Điều này làm cho tôi mất tự tin và sợ hỏi câu hỏi trong lớp. Anh ấy cũng không tạo ra môi trường học tập tích cực, không khuyến khích sự tương tác và trao đổi ý kiến giữa các học sinh.');
INSERT INTO Rating (ratedFromUser, ratedToUser, noStar, ratingComment) VALUES ('antt', 'giangmentor', 4, 'Giảng viên này thiếu sự tận tâm và không quan tâm đến sự phát triển cá nhân của học sinh. Anh ấy chỉ chú trọng đến việc truyền đạt kiến thức mà không quan tâm đến việc thúc đẩy khả năng sáng tạo và tư duy của chúng tôi. Anh ấy cũng không tạo ra môi trường học tập động lực, không khuyến khích sự tham gia và tương tác. Tôi cảm thấy không có động lực và sự hứng thú khi tham gia vào môn học.');
INSERT INTO Rating (ratedFromUser, ratedToUser, noStar, ratingComment) VALUES ('duongcd', 'giangmentor', 5, 'Giảng viên này thực sự xuất sắc trong việc giảng dạy. Cách truyền đạt kiến thức của anh ấy rất dễ hiểu và hấp dẫn. Anh ấy tạo ra một môi trường học tập thoải mái và khuyến khích sự tham gia của tất cả học sinh. Anh ấy luôn sẵn lòng trả lời các câu hỏi và giúp đỡ học sinh khi cần. Nhờ anh ấy, tôi đã tiến bộ rõ rệt trong môn học này và cảm thấy tự tin hơn khi đối mặt với các khía cạnh khó khăn.');
INSERT INTO Rating (ratedFromUser, ratedToUser, noStar, ratingComment) VALUES ('hoangdn', 'giangmentor', 3, 'Tôi rất hài lòng với giảng viên này. Anh ấy có kiến thức chuyên môn sâu rộng và biết cách áp dụng nó vào việc giảng dạy. Nhờ phương pháp dạy bài sáng tạo, anh ấy đã giúp tôi hiểu rõ và yêu thích môn học hơn bao giờ hết. Anh ấy cũng khuyến khích sự thảo luận và trao đổi ý kiến trong lớp, giúp tôi phát triển kỹ năng giao tiếp và tư duy phản biện.');
INSERT INTO Rating (ratedFromUser, ratedToUser, noStar, ratingComment) VALUES ('datnq', 'giangmentor', 4, 'Giảng viên này là một nguồn cảm hứng lớn cho tôi. Anh ấy rất đam mê và nhiệt huyết với môn học của mình, và điều này đã truyền cảm hứng cho tôi. Anh ấy tạo ra một môi trường học tập năng động và sáng tạo, khuyến khích sự sáng tạo và khám phá. Tôi đã học được rất nhiều từ anh ấy không chỉ về kiến thức chuyên môn mà còn về tinh thần và đam mê trong cuộc sống.');
INSERT INTO Rating (ratedFromUser, ratedToUser, noStar, ratingComment) VALUES ('namnh', 'anmentor', 5, 'Giảng viên này rất tận tâm và chu đáo đối với học sinh. Anh ấy luôn sẵn sàng lắng nghe và giúp đỡ khi chúng tôi gặp khó khăn. Anh ấy có khả năng truyền đạt kiến thức một cách rõ ràng và dễ hiểu, giúp tôi nắm vững những khái niệm quan trọng. Bên cạnh đó, anh ấy cũng tổ chức các hoạt động ngoại khóa và thảo luận bổ ích, giúp tôi phát triển kỹ năng xã hội và tư duy nhóm.');
INSERT INTO Rating (ratedFromUser, ratedToUser, noStar, ratingComment) VALUES ('namlx', 'anmentor', 3, 'Giảng viên này là một người rất giàu kinh nghiệm và có cách dạy độc đáo. Anh ấy không chỉ truyền đạt kiến thức mà còn chia sẻ những kinh nghiệm thực tế và ví dụ trong lĩnh vực mà chúng tôi đang học. Điều này giúp tôi hiểu rõ hơn về cách áp dụng kiến thức vào thực tế. Anh ấy cũng tạo điều kiện cho sự phát triển độc lập và khám phá cá nhân, khuyến khích chúng tôi tìm hiểu sâu hơn về lĩnh vực quan tâm.');
INSERT INTO Rating (ratedFromUser, ratedToUser, noStar, ratingComment) VALUES ('lamtn', 'anmentor', 4, 'Giảng viên này có thái độ lạnh lùng và không thân thiện với học sinh. Anh ấy thường xuyên chỉ trích và phê phán các học sinh khi họ mắc lỗi. Điều này tạo ra một môi trường học tập căng thẳng và không thoải mái. Anh ấy cũng không dành thời gian đủ để giải đáp câu hỏi hoặc giúp đỡ học sinh gặp khó khăn. Tôi cảm thấy không tự tin và mất hứng thú khi tham gia lớp học.');
INSERT INTO Rating (ratedFromUser, ratedToUser, noStar, ratingComment) VALUES ('chauntm', 'anmentor', 5, 'Giảng viên này không chuẩn bị bài giảng kỹ lưỡng và thường trình bày một cách lập lờ. Các giải thích của anh ấy thường mơ hồ và khó hiểu, làm cho việc tiếp thu kiến thức trở nên khó khăn. Anh ấy cũng không khuyến khích sự tương tác và thảo luận trong lớp học. Tôi cảm thấy mất hứng thú và thiếu động lực khi tham gia vào môn học do cách giảng dạy của anh ấy.');
INSERT INTO Rating (ratedFromUser, ratedToUser, noStar, ratingComment) VALUES ('thanhdq', 'anmentor', 3, 'Giảng viên này thực sự xuất sắc trong việc giảng dạy. Cách truyền đạt kiến thức của anh ấy rất dễ hiểu và hấp dẫn. Anh ấy tạo ra một môi trường học tập thoải mái và khuyến khích sự tham gia của tất cả học sinh. Anh ấy luôn sẵn lòng trả lời các câu hỏi và giúp đỡ học sinh khi cần. Nhờ anh ấy, tôi đã tiến bộ rõ rệt trong môn học này và cảm thấy tự tin hơn khi đối mặt với các khía cạnh khó khăn.');
INSERT INTO Rating (ratedFromUser, ratedToUser, noStar, ratingComment) VALUES ('namnt', 'anmentor', 4, 'Tôi rất hài lòng với giảng viên này. Anh ấy có kiến thức chuyên môn sâu rộng và biết cách áp dụng nó vào việc giảng dạy. Nhờ phương pháp dạy bài sáng tạo, anh ấy đã giúp tôi hiểu rõ và yêu thích môn học hơn bao giờ hết. Anh ấy cũng khuyến khích sự thảo luận và trao đổi ý kiến trong lớp, giúp tôi phát triển kỹ năng giao tiếp và tư duy phản biện.');
INSERT INTO Rating (ratedFromUser, ratedToUser, noStar, ratingComment) VALUES ('namlm', 'anmentor', 5, 'Giảng viên này là một nguồn cảm hứng lớn cho tôi. Anh ấy rất đam mê và nhiệt huyết với môn học của mình, và điều này đã truyền cảm hứng cho tôi. Anh ấy tạo ra một môi trường học tập năng động và sáng tạo, khuyến khích sự sáng tạo và khám phá. Tôi đã học được rất nhiều từ anh ấy không chỉ về kiến thức chuyên môn mà còn về tinh thần và đam mê trong cuộc sống.');
INSERT INTO Rating (ratedFromUser, ratedToUser, noStar, ratingComment) VALUES ('dungnt', 'anmentor', 3, 'Giảng viên này rất tận tâm và chu đáo đối với học sinh. Anh ấy luôn sẵn sàng lắng nghe và giúp đỡ khi chúng tôi gặp khó khăn. Anh ấy có khả năng truyền đạt kiến thức một cách rõ ràng và dễ hiểu, giúp tôi nắm vững những khái niệm quan trọng. Bên cạnh đó, anh ấy cũng tổ chức các hoạt động ngoại khóa và thảo luận bổ ích, giúp tôi phát triển kỹ năng xã hội và tư duy nhóm.');
INSERT INTO Rating (ratedFromUser, ratedToUser, noStar, ratingComment) VALUES ('hoangnd', 'anmentor', 4, 'Giảng viên này là một người rất giàu kinh nghiệm và có cách dạy độc đáo. Anh ấy không chỉ truyền đạt kiến thức mà còn chia sẻ những kinh nghiệm thực tế và ví dụ trong lĩnh vực mà chúng tôi đang học. Điều này giúp tôi hiểu rõ hơn về cách áp dụng kiến thức vào thực tế. Anh ấy cũng tạo điều kiện cho sự phát triển độc lập và khám phá cá nhân, khuyến khích chúng tôi tìm hiểu sâu hơn về lĩnh vực quan tâm.');
INSERT INTO Rating (ratedFromUser, ratedToUser, noStar, ratingComment) VALUES ('tamvm', 'anmentor', 5, 'Giảng viên này có thái độ lạnh lùng và không thân thiện với học sinh. Anh ấy thường xuyên chỉ trích và phê phán các học sinh khi họ mắc lỗi. Điều này tạo ra một môi trường học tập căng thẳng và không thoải mái. Anh ấy cũng không dành thời gian đủ để giải đáp câu hỏi hoặc giúp đỡ học sinh gặp khó khăn. Tôi cảm thấy không tự tin và mất hứng thú khi tham gia lớp học.');
INSERT INTO Rating (ratedFromUser, ratedToUser, noStar, ratingComment) VALUES ('datdc', 'anmentor', 3, 'Giảng viên này không chuẩn bị bài giảng kỹ lưỡng và thường trình bày một cách lập lờ. Các giải thích của anh ấy thường mơ hồ và khó hiểu, làm cho việc tiếp thu kiến thức trở nên khó khăn. Anh ấy cũng không khuyến khích sự tương tác và thảo luận trong lớp học. Tôi cảm thấy mất hứng thú và thiếu động lực khi tham gia vào môn học do cách giảng dạy của anh ấy.');
INSERT INTO Rating (ratedFromUser, ratedToUser, noStar, ratingComment) VALUES ('thinhnp', 'anmentor', 4, 'Giảng viên này thường không đến lớp đúng giờ và kết thúc sớm hơn dự kiến. Anh ấy không tôn trọng thời gian của học sinh và điều này ảnh hưởng đến quá trình học tập của chúng tôi. Cách giảng dạy của anh ấy cũng thiếu sự cấu trúc và tổ chức. Tôi cảm thấy mất ổn định và không biết chương trình học sẽ diễn ra như thế nào, điều này gây ra sự bất an và lo lắng cho tôi.');
INSERT INTO Rating (ratedFromUser, ratedToUser, noStar, ratingComment) VALUES ('haunt', 'anmentor', 5, 'Giảng viên này thiếu sự kiên nhẫn và thái độ không thoải mái khi giải đáp câu hỏi. Anh ấy thường trả lời một cách vội vàng và không dễ hiểu. Điều này làm cho tôi mất tự tin và sợ hỏi câu hỏi trong lớp. Anh ấy cũng không tạo ra môi trường học tập tích cực, không khuyến khích sự tương tác và trao đổi ý kiến giữa các học sinh.');
INSERT INTO Rating (ratedFromUser, ratedToUser, noStar, ratingComment) VALUES ('huyenntk', 'anmentor', 3, 'Giảng viên này thiếu sự tận tâm và không quan tâm đến sự phát triển cá nhân của học sinh. Anh ấy chỉ chú trọng đến việc truyền đạt kiến thức mà không quan tâm đến việc thúc đẩy khả năng sáng tạo và tư duy của chúng tôi. Anh ấy cũng không tạo ra môi trường học tập động lực, không khuyến khích sự tham gia và tương tác. Tôi cảm thấy không có động lực và sự hứng thú khi tham gia vào môn học.');
INSERT INTO Rating (ratedFromUser, ratedToUser, noStar, ratingComment) VALUES ('giangpt', 'anmentor', 4, 'Giảng viên này thực sự xuất sắc trong việc giảng dạy. Cách truyền đạt kiến thức của anh ấy rất dễ hiểu và hấp dẫn. Anh ấy tạo ra một môi trường học tập thoải mái và khuyến khích sự tham gia của tất cả học sinh. Anh ấy luôn sẵn lòng trả lời các câu hỏi và giúp đỡ học sinh khi cần. Nhờ anh ấy, tôi đã tiến bộ rõ rệt trong môn học này và cảm thấy tự tin hơn khi đối mặt với các khía cạnh khó khăn.');
INSERT INTO Rating (ratedFromUser, ratedToUser, noStar, ratingComment) VALUES ('duckm', 'anmentor', 5, 'Tôi rất hài lòng với giảng viên này. Anh ấy có kiến thức chuyên môn sâu rộng và biết cách áp dụng nó vào việc giảng dạy. Nhờ phương pháp dạy bài sáng tạo, anh ấy đã giúp tôi hiểu rõ và yêu thích môn học hơn bao giờ hết. Anh ấy cũng khuyến khích sự thảo luận và trao đổi ý kiến trong lớp, giúp tôi phát triển kỹ năng giao tiếp và tư duy phản biện.');
INSERT INTO Rating (ratedFromUser, ratedToUser, noStar, ratingComment) VALUES ('nhatvn', 'anmentor', 3, 'Giảng viên này là một nguồn cảm hứng lớn cho tôi. Anh ấy rất đam mê và nhiệt huyết với môn học của mình, và điều này đã truyền cảm hứng cho tôi. Anh ấy tạo ra một môi trường học tập năng động và sáng tạo, khuyến khích sự sáng tạo và khám phá. Tôi đã học được rất nhiều từ anh ấy không chỉ về kiến thức chuyên môn mà còn về tinh thần và đam mê trong cuộc sống.');
INSERT INTO Rating (ratedFromUser, ratedToUser, noStar, ratingComment) VALUES ('phuonghm', 'anmentor', 4, 'Giảng viên này rất tận tâm và chu đáo đối với học sinh. Anh ấy luôn sẵn sàng lắng nghe và giúp đỡ khi chúng tôi gặp khó khăn. Anh ấy có khả năng truyền đạt kiến thức một cách rõ ràng và dễ hiểu, giúp tôi nắm vững những khái niệm quan trọng. Bên cạnh đó, anh ấy cũng tổ chức các hoạt động ngoại khóa và thảo luận bổ ích, giúp tôi phát triển kỹ năng xã hội và tư duy nhóm.');
INSERT INTO Rating (ratedFromUser, ratedToUser, noStar, ratingComment) VALUES ('dungbt', 'anmentor', 5, 'Giảng viên này là một người rất giàu kinh nghiệm và có cách dạy độc đáo. Anh ấy không chỉ truyền đạt kiến thức mà còn chia sẻ những kinh nghiệm thực tế và ví dụ trong lĩnh vực mà chúng tôi đang học. Điều này giúp tôi hiểu rõ hơn về cách áp dụng kiến thức vào thực tế. Anh ấy cũng tạo điều kiện cho sự phát triển độc lập và khám phá cá nhân, khuyến khích chúng tôi tìm hiểu sâu hơn về lĩnh vực quan tâm.');
INSERT INTO Rating (ratedFromUser, ratedToUser, noStar, ratingComment) VALUES ('phucdl', 'anmentor', 3, 'Giảng viên này có thái độ lạnh lùng và không thân thiện với học sinh. Anh ấy thường xuyên chỉ trích và phê phán các học sinh khi họ mắc lỗi. Điều này tạo ra một môi trường học tập căng thẳng và không thoải mái. Anh ấy cũng không dành thời gian đủ để giải đáp câu hỏi hoặc giúp đỡ học sinh gặp khó khăn. Tôi cảm thấy không tự tin và mất hứng thú khi tham gia lớp học.');
INSERT INTO Rating (ratedFromUser, ratedToUser, noStar, ratingComment) VALUES ('hieudt', 'anmentor', 4, 'Giảng viên này không chuẩn bị bài giảng kỹ lưỡng và thường trình bày một cách lập lờ. Các giải thích của anh ấy thường mơ hồ và khó hiểu, làm cho việc tiếp thu kiến thức trở nên khó khăn. Anh ấy cũng không khuyến khích sự tương tác và thảo luận trong lớp học. Tôi cảm thấy mất hứng thú và thiếu động lực khi tham gia vào môn học do cách giảng dạy của anh ấy.');
INSERT INTO Rating (ratedFromUser, ratedToUser, noStar, ratingComment) VALUES ('minhnd', 'anmentor', 5, 'Giảng viên này thường không đến lớp đúng giờ và kết thúc sớm hơn dự kiến. Anh ấy không tôn trọng thời gian của học sinh và điều này ảnh hưởng đến quá trình học tập của chúng tôi. Cách giảng dạy của anh ấy cũng thiếu sự cấu trúc và tổ chức. Tôi cảm thấy mất ổn định và không biết chương trình học sẽ diễn ra như thế nào, điều này gây ra sự bất an và lo lắng cho tôi.');
INSERT INTO Rating (ratedFromUser, ratedToUser, noStar, ratingComment) VALUES ('antt', 'anmentor', 3, 'Giảng viên này thiếu sự kiên nhẫn và thái độ không thoải mái khi giải đáp câu hỏi. Anh ấy thường trả lời một cách vội vàng và không dễ hiểu. Điều này làm cho tôi mất tự tin và sợ hỏi câu hỏi trong lớp. Anh ấy cũng không tạo ra môi trường học tập tích cực, không khuyến khích sự tương tác và trao đổi ý kiến giữa các học sinh.');
INSERT INTO Rating (ratedFromUser, ratedToUser, noStar, ratingComment) VALUES ('duongcd', 'anmentor', 4, 'Giảng viên này thiếu sự tận tâm và không quan tâm đến sự phát triển cá nhân của học sinh. Anh ấy chỉ chú trọng đến việc truyền đạt kiến thức mà không quan tâm đến việc thúc đẩy khả năng sáng tạo và tư duy của chúng tôi. Anh ấy cũng không tạo ra môi trường học tập động lực, không khuyến khích sự tham gia và tương tác. Tôi cảm thấy không có động lực và sự hứng thú khi tham gia vào môn học.');
INSERT INTO Rating (ratedFromUser, ratedToUser, noStar, ratingComment) VALUES ('hoangdn', 'anmentor', 5, 'Giảng viên này thực sự xuất sắc trong việc giảng dạy. Cách truyền đạt kiến thức của anh ấy rất dễ hiểu và hấp dẫn. Anh ấy tạo ra một môi trường học tập thoải mái và khuyến khích sự tham gia của tất cả học sinh. Anh ấy luôn sẵn lòng trả lời các câu hỏi và giúp đỡ học sinh khi cần. Nhờ anh ấy, tôi đã tiến bộ rõ rệt trong môn học này và cảm thấy tự tin hơn khi đối mặt với các khía cạnh khó khăn.');
INSERT INTO Rating (ratedFromUser, ratedToUser, noStar, ratingComment) VALUES ('datnq', 'anmentor', 3, 'Tôi rất hài lòng với giảng viên này. Anh ấy có kiến thức chuyên môn sâu rộng và biết cách áp dụng nó vào việc giảng dạy. Nhờ phương pháp dạy bài sáng tạo, anh ấy đã giúp tôi hiểu rõ và yêu thích môn học hơn bao giờ hết. Anh ấy cũng khuyến khích sự thảo luận và trao đổi ý kiến trong lớp, giúp tôi phát triển kỹ năng giao tiếp và tư duy phản biện.');


