USE FU_SWP391_HappyProgramming;



select * from `User`;
delete from `User` where username != '';
-- Insert into `User`
INSERT INTO `User` (username, password, displayName, dob, mail, createdDate, avatarPath, CVPath, activeStatus) VALUES ('namnh', '123', 'Nguyễn Hoàng Nam', '2003-8-6', 'namnhhe140081@fpt.edu.vn', '2023-5-12', '', '', 0);
INSERT INTO `User` (username, password, displayName, dob, mail, createdDate, avatarPath, CVPath, activeStatus) VALUES ('namlx', '123', 'Lê Xuân Nam', '2003-1-29', 'namlxhe153241@fpt.edu.vn', '2023-5-12', '', '', 0);
INSERT INTO `User` (username, password, displayName, dob, mail, createdDate, avatarPath, CVPath, activeStatus) VALUES ('lamtn', '123', 'Tống Ngọc Lâm', '2003-7-25', 'lamtnhe153679@fpt.edu.vn', '2023-5-12', '', '', 0);
INSERT INTO `User` (username, password, displayName, dob, mail, createdDate, avatarPath, CVPath, activeStatus) VALUES ('chauntm', '123', 'Nguyễn Thị Minh Châu', '2003-6-18', 'chaunthe161283@fpt.edu.vn', '2023-5-12', '', '', 0);
INSERT INTO `User` (username, password, displayName, dob, mail, createdDate, avatarPath, CVPath, activeStatus) VALUES ('thanhdq', '123', 'Đặng Quang Thanh', '2002-1-1', 'thanhdqhe163134@fpt.edu.vn', '2023-5-12', '', '', 0);
INSERT INTO `User` (username, password, displayName, dob, mail, createdDate, avatarPath, CVPath, activeStatus) VALUES ('namnt', '123', 'Nguyễn Tiến Nam', '2001-1-1', 'namnthe163375@fpt.edu.vn', '2023-5-12', '', '', 0);
INSERT INTO `User` (username, password, displayName, dob, mail, createdDate, avatarPath, CVPath, activeStatus) VALUES ('namlm', '123', 'Lê Minh Nam', '2003-1-1', 'namlmhe163473@fpt.edu.vn', '2023-5-12', '', '', 0);
INSERT INTO `User` (username, password, displayName, dob, mail, createdDate, avatarPath, CVPath, activeStatus) VALUES ('dungnt', '123', 'Nguyễn Tuấn Dũng', '2003-1-1', 'dungnthe163886@fpt.edu.vn', '2023-5-12', '', '', 0);
INSERT INTO `User` (username, password, displayName, dob, mail, createdDate, avatarPath, CVPath, activeStatus) VALUES ('hoangnd', '123', 'Nguyễn Đăng Hoàng', '2003-1-1', 'hoangndhe164015@fpt.edu.vn', '2023-5-12', '', '', 0);
INSERT INTO `User` (username, password, displayName, dob, mail, createdDate, avatarPath, CVPath, activeStatus) VALUES ('tamvm', '123', 'Vũ Minh Tâm', '2003-1-1', 'tamvmhe170051@fpt.edu.vn', '2023-5-12', '', '', 0);
INSERT INTO `User` (username, password, displayName, dob, mail, createdDate, avatarPath, CVPath, activeStatus) VALUES ('datdc', '123', 'Đặng Công Đạt', '2003-1-1', 'datdche170625@fpt.edu.vn', '2023-5-12', '', '', 0);
INSERT INTO `User` (username, password, displayName, dob, mail, createdDate, avatarPath, CVPath, activeStatus) VALUES ('thinhnp', '123', 'Nguyễn Phùng Thịnh', '2003-1-1', 'thinhnphe170833@fpt.edu.vn', '2023-5-12', '', '', 0);
INSERT INTO `User` (username, password, displayName, dob, mail, createdDate, avatarPath, CVPath, activeStatus) VALUES ('haunt', '123', 'Nguyễn Thanh Hậu', '2003-1-1', 'haunthe170842@fpt.edu.vn', '2023-5-12', '', '', 0);
INSERT INTO `User` (username, password, displayName, dob, mail, createdDate, avatarPath, CVPath, activeStatus) VALUES ('huyenntk', '123', 'Nguyễn Thị Khánh Huyền', '2003-1-1', 'huyennthe170863@fpt.edu.vn', '2023-5-12', '', '', 0);
INSERT INTO `User` (username, password, displayName, dob, mail, createdDate, avatarPath, CVPath, activeStatus) VALUES ('giangpt', '123', 'Phạm Trường Giang', '2003-1-1', 'giangpthe170907@fpt.edu.vn', '2023-5-12', '', '', 0);
INSERT INTO `User` (username, password, displayName, dob, mail, createdDate, avatarPath, CVPath, activeStatus) VALUES ('duckm', '123', 'Khiếu Minh Đức', '2003-1-1', 'duckmhe170996@fpt.edu.vn', '2023-5-12', '', '', 0);
INSERT INTO `User` (username, password, displayName, dob, mail, createdDate, avatarPath, CVPath, activeStatus) VALUES ('nhatvn', '123', 'Vũ Ngọc Nhất', '2003-1-1', 'nhatvnhe171071@fpt.edu.vn', '2023-5-12', '', '', 0);
INSERT INTO `User` (username, password, displayName, dob, mail, createdDate, avatarPath, CVPath, activeStatus) VALUES ('phuonghm', '123', 'Hoàng Mai Phương', '2003-1-1', 'phuonghmhe171073@fpt.edu.vn', '2023-5-12', '', '', 0);
INSERT INTO `User` (username, password, displayName, dob, mail, createdDate, avatarPath, CVPath, activeStatus) VALUES ('dungbt', '123', 'Bùi Tiến Dũng', '2003-1-1', 'dungbthe171162@fpt.edu.vn', '2023-5-12', '', '', 0);
INSERT INTO `User` (username, password, displayName, dob, mail, createdDate, avatarPath, CVPath, activeStatus) VALUES ('phucdl', '123', 'Doãn Lâm Phúc', '2003-1-1', 'phucdlhe171687@fpt.edu.vn', '2023-5-12', '', '', 0);
INSERT INTO `User` (username, password, displayName, dob, mail, createdDate, avatarPath, CVPath, activeStatus) VALUES ('hieudt', '123', 'Đồng Trung Hiếu', '2003-1-1', 'hieudthe171777@fpt.edu.vn', '2023-5-12', '', '', 0);
INSERT INTO `User` (username, password, displayName, dob, mail, createdDate, avatarPath, CVPath, activeStatus) VALUES ('minhnd', '123', 'Nguyễn Đức Minh', '2003-1-1', 'minhndhe171851@fpt.edu.vn', '2023-5-12', '', '', 0);
INSERT INTO `User` (username, password, displayName, dob, mail, createdDate, avatarPath, CVPath, activeStatus) VALUES ('antt', '123', 'Triệu Thạch Ân', '2003-1-1', 'antthe176160@fpt.edu.vn', '2023-5-12', '', '', 0);
INSERT INTO `User` (username, password, displayName, dob, mail, createdDate, avatarPath, CVPath, activeStatus) VALUES ('duongcd', '123', 'Chu Đức Dương', '2003-1-1', 'duongcdhe176312@fpt.edu.vn', '2023-5-12', '', '', 0);
INSERT INTO `User` (username, password, displayName, dob, mail, createdDate, avatarPath, CVPath, activeStatus) VALUES ('hoangdn', '123', 'Đinh Nhật Hoàng', '2003-1-1', 'hoangdnhe176586@fpt.edu.vn', '2023-5-12', '', '', 0);
INSERT INTO `User` (username, password, displayName, dob, mail, createdDate, avatarPath, CVPath, activeStatus) VALUES ('datnq', '123', 'Nguyễn Quốc Đạt', '2003-1-1', 'datnqhe176751@fpt.edu.vn', '2023-5-12', '', '', 0);

INSERT INTO `User` (username, password, displayName, dob, mail, createdDate, avatarPath, CVPath, activeStatus) VALUES ('huyenmentor', '123', 'Nguyễn Thị Khánh Huyền', '2003-8-6', 'hn8319542@gmail.com', '2023-5-12', '', '', 0);
INSERT INTO `User` (username, password, displayName, dob, mail, createdDate, avatarPath, CVPath, activeStatus) VALUES ('phuongmentor', '123', 'Hoàng Mai Phương', '2003-1-29', 'maiphuonghoangmpk@gmail.com', '2023-5-12', '', '', 0);
INSERT INTO `User` (username, password, displayName, dob, mail, createdDate, avatarPath, CVPath, activeStatus) VALUES ('ducmentor', '123', 'Khiếu Minh Đức', '2003-7-25', 'khieuminhduc2012@gmail.com', '2023-5-12', '', '', 0);
INSERT INTO `User` (username, password, displayName, dob, mail, createdDate, avatarPath, CVPath, activeStatus) VALUES ('giangmentor', '123', 'Phạm Trường Giang', '2003-6-18', 'nocolor06@gmail.com', '2023-5-12', '', '', 0);
INSERT INTO `User` (username, password, displayName, dob, mail, createdDate, avatarPath, CVPath, activeStatus) VALUES ('anmentor', '123', 'Triệu Thạch Ân', '2003-5-2', 'anlalahello@gmail.com', '2023-5-12', '', '', 0);
INSERT INTO `User` (username, password, displayName, dob, mail, createdDate, avatarPath, CVPath, activeStatus) VALUES ('eikh', '123', 'Em Yêu Khoa Học', '2021-7-21', 'emiukhoahoc@gmail.com', '2023-5-12', '', '', 0);





select * from Role;
-- Insert into Role
INSERT INTO Role (roleId, roleName) VALUES ('1', 'admin');
INSERT INTO Role (roleId, roleName) VALUES ('2', 'mentor');
INSERT INTO Role (roleId, roleName) VALUES ('3', 'mentee');

select * from User_Role;
-- Insert into User_Role
INSERT INTO User_Role (username, roleId) VALUES ('namnh', '3');
INSERT INTO User_Role (username, roleId) VALUES ('namlx', '3');
INSERT INTO User_Role (username, roleId) VALUES ('lamtn', '3');
INSERT INTO User_Role (username, roleId) VALUES ('chauntm', '3');
INSERT INTO User_Role (username, roleId) VALUES ('thanhdq', '3');
INSERT INTO User_Role (username, roleId) VALUES ('namnt', '3');
INSERT INTO User_Role (username, roleId) VALUES ('namlm', '3');
INSERT INTO User_Role (username, roleId) VALUES ('dungnt', '3');
INSERT INTO User_Role (username, roleId) VALUES ('hoangnd', '3');
INSERT INTO User_Role (username, roleId) VALUES ('tamvm', '3');
INSERT INTO User_Role (username, roleId) VALUES ('datdc', '3');
INSERT INTO User_Role (username, roleId) VALUES ('thinhnp', '3');
INSERT INTO User_Role (username, roleId) VALUES ('haunt', '3');
INSERT INTO User_Role (username, roleId) VALUES ('huyenntk', '3');
INSERT INTO User_Role (username, roleId) VALUES ('giangpt', '3');
INSERT INTO User_Role (username, roleId) VALUES ('duckm', '3');
INSERT INTO User_Role (username, roleId) VALUES ('nhatvn', '3');
INSERT INTO User_Role (username, roleId) VALUES ('phuonghm', '3');
INSERT INTO User_Role (username, roleId) VALUES ('dungbt', '3');
INSERT INTO User_Role (username, roleId) VALUES ('phucdl', '3');
INSERT INTO User_Role (username, roleId) VALUES ('hieudt', '3');
INSERT INTO User_Role (username, roleId) VALUES ('minhnd', '3');
INSERT INTO User_Role (username, roleId) VALUES ('antt', '3');
INSERT INTO User_Role (username, roleId) VALUES ('duongcd', '3');
INSERT INTO User_Role (username, roleId) VALUES ('hoangdn', '3');
INSERT INTO User_Role (username, roleId) VALUES ('datnq', '3');
INSERT INTO User_Role (username, roleId) VALUES ('huyenmentor', '2');
INSERT INTO User_Role (username, roleId) VALUES ('phuongmentor', '2');
INSERT INTO User_Role (username, roleId) VALUES ('ducmentor', '2');
INSERT INTO User_Role (username, roleId) VALUES ('giangmentor', '2');
INSERT INTO User_Role (username, roleId) VALUES ('anmentor', '2');
INSERT INTO User_Role (username, roleId) VALUES ('eikh', '1');



-- Insert into Feature
INSERT INTO Feature (featureId, featureName, url) VALUES ('1', 'Home Page', '/home');


-- Insert into Role_Feature
INSERT INTO Role_Feature (roleId, featureId) VALUES ('1', '1');
INSERT INTO Role_Feature (roleId, featureId) VALUES ('2', '1');
INSERT INTO Role_Feature (roleId, featureId) VALUES ('3', '1');


-- Insert into Course
INSERT INTO Course (courseId, courseName) VALUES ('1', 'Spring Boot');


